run_date,run_time,run_datetime,job_id,job_name,category,status,duration_seconds,retries,message
2026-07-13,00:38:00,2026-07-13 00:38:00.975489,7,CacheRefresh,Optimization,Succeeded,419,0,Job completed successfully
2026-07-13,01:03:00,2026-07-13 01:03:00.975489,6,ExportDailyMetrics,ETL,Succeeded,448,0,Job completed successfully
2026-07-13,01:41:00,2026-07-13 01:41:00.975489,3,SyncReports,ETL,Succeeded,421,0,Job completed successfully
2026-07-13,02:11:00,2026-07-13 02:11:00.975489,8,IndexMaintenance,Maintenance,Failed,87,2,Error: timeout or data validation failure
2026-07-13,02:20:00,2026-07-13 02:20:00.975489,4,ArchiveOldRecords,Maintenance,Succeeded,575,0,Job completed successfully
2026-07-13,02:32:00,2026-07-13 02:32:00.975489,1,BackupDB_Production,Maintenance,Succeeded,386,0,Job completed successfully
2026-07-13,02:51:00,2026-07-13 02:51:00.975489,2,UpdateStatistics,Maintenance,Succeeded,455,0,Job completed successfully
2026-07-13,03:21:00,2026-07-13 03:21:00.975489,5,ValidateDataIntegrity,Health,Succeeded,272,0,Job completed successfully
2026-07-13,06:03:00,2026-07-13 06:03:00.975489,2,UpdateStatistics,Maintenance,Succeeded,167,0,Job completed successfully
2026-07-13,06:19:00,2026-07-13 06:19:00.975489,1,BackupDB_Production,Maintenance,Succeeded,257,0,Job completed successfully
2026-07-13,06:42:00,2026-07-13 06:42:00.975489,8,IndexMaintenance,Maintenance,Failed,73,1,Error: timeout or data validation failure
2026-07-13,06:57:00,2026-07-13 06:57:00.975489,4,ArchiveOldRecords,Maintenance,Succeeded,51,0,Job completed successfully
2026-07-13,07:31:00,2026-07-13 07:31:00.975489,6,ExportDailyMetrics,ETL,Succeeded,225,0,Job completed successfully
2026-07-13,07:58:00,2026-07-13 07:58:00.975489,3,SyncReports,ETL,Succeeded,233,0,Job completed successfully
2026-07-13,12:54:00,2026-07-13 12:54:00.975489,7,CacheRefresh,Optimization,Succeeded,243,0,Job completed successfully
2026-07-13,13:01:00,2026-07-13 13:01:00.975489,6,ExportDailyMetrics,ETL,Succeeded,296,0,Job completed successfully
2026-07-13,13:22:00,2026-07-13 13:22:00.975489,3,SyncReports,ETL,Succeeded,526,0,Job completed successfully
2026-07-13,14:10:00,2026-07-13 14:10:00.975489,2,UpdateStatistics,Maintenance,Succeeded,421,0,Job completed successfully
2026-07-13,14:30:00,2026-07-13 14:30:00.975489,4,ArchiveOldRecords,Maintenance,Succeeded,381,0,Job completed successfully
2026-07-13,14:35:00,2026-07-13 14:35:00.975489,8,IndexMaintenance,Maintenance,Succeeded,404,0,Job completed successfully
2026-07-13,14:37:00,2026-07-13 14:37:00.975489,1,BackupDB_Production,Maintenance,Succeeded,362,0,Job completed successfully
2026-07-13,15:37:00,2026-07-13 15:37:00.975489,5,ValidateDataIntegrity,Health,Succeeded,248,0,Job completed successfully
2026-07-13,19:22:00,2026-07-13 19:22:00.975489,3,SyncReports,ETL,Succeeded,248,0,Job completed successfully
2026-07-13,19:38:00,2026-07-13 19:38:00.975489,6,ExportDailyMetrics,ETL,Succeeded,352,0,Job completed successfully
2026-07-13,22:03:00,2026-07-13 22:03:00.975489,1,BackupDB_Production,Maintenance,Succeeded,258,0,Job completed successfully
2026-07-13,22:23:00,2026-07-13 22:23:00.975489,2,UpdateStatistics,Maintenance,Failed,120,2,Error: timeout or data validation failure
2026-07-13,22:48:00,2026-07-13 22:48:00.975489,8,IndexMaintenance,Maintenance,Succeeded,479,0,Job completed successfully
2026-07-13,22:54:00,2026-07-13 22:54:00.975489,4,ArchiveOldRecords,Maintenance,Succeeded,129,0,Job completed successfully
2026-07-14,00:03:00,2026-07-14 00:03:00.975489,7,CacheRefresh,Optimization,Succeeded,235,0,Job completed successfully
2026-07-14,01:39:00,2026-07-14 01:39:00.975489,3,SyncReports,ETL,Succeeded,441,0,Job completed successfully
2026-07-14,01:48:00,2026-07-14 01:48:00.975489,6,ExportDailyMetrics,ETL,Succeeded,88,0,Job completed successfully
2026-07-14,02:23:00,2026-07-14 02:23:00.975489,1,BackupDB_Production,Maintenance,Succeeded,40,0,Job completed successfully
2026-07-14,02:40:00,2026-07-14 02:40:00.975489,8,IndexMaintenance,Maintenance,Succeeded,364,0,Job completed successfully
2026-07-14,02:45:00,2026-07-14 02:45:00.975489,4,ArchiveOldRecords,Maintenance,Succeeded,549,0,Job completed successfully
2026-07-14,02:46:00,2026-07-14 02:46:00.975489,2,UpdateStatistics,Maintenance,Succeeded,97,0,Job completed successfully
2026-07-14,03:20:00,2026-07-14 03:20:00.975489,5,ValidateDataIntegrity,Health,Succeeded,92,0,Job completed successfully
2026-07-14,06:28:00,2026-07-14 06:28:00.975489,8,IndexMaintenance,Maintenance,Succeeded,351,0,Job completed successfully
2026-07-14,06:46:00,2026-07-14 06:46:00.975489,1,BackupDB_Production,Maintenance,Succeeded,185,0,Job completed successfully
2026-07-14,06:49:00,2026-07-14 06:49:00.975489,2,UpdateStatistics,Maintenance,Succeeded,353,0,Job completed successfully
2026-07-14,06:53:00,2026-07-14 06:53:00.975489,4,ArchiveOldRecords,Maintenance,Succeeded,235,0,Job completed successfully
2026-07-14,07:31:00,2026-07-14 07:31:00.975489,3,SyncReports,ETL,Succeeded,66,0,Job completed successfully
2026-07-14,07:47:00,2026-07-14 07:47:00.975489,6,ExportDailyMetrics,ETL,Succeeded,520,0,Job completed successfully
2026-07-14,12:50:00,2026-07-14 12:50:00.975489,7,CacheRefresh,Optimization,Failed,62,1,Error: timeout or data validation failure
2026-07-14,13:21:00,2026-07-14 13:21:00.975489,6,ExportDailyMetrics,ETL,Succeeded,340,0,Job completed successfully
2026-07-14,13:43:00,2026-07-14 13:43:00.975489,3,SyncReports,ETL,Succeeded,397,0,Job completed successfully
2026-07-14,14:03:00,2026-07-14 14:03:00.975489,1,BackupDB_Production,Maintenance,Failed,93,0,Error: timeout or data validation failure
2026-07-14,14:26:00,2026-07-14 14:26:00.975489,2,UpdateStatistics,Maintenance,Succeeded,404,0,Job completed successfully
2026-07-14,14:34:00,2026-07-14 14:34:00.975489,4,ArchiveOldRecords,Maintenance,Succeeded,555,0,Job completed successfully
2026-07-14,14:40:00,2026-07-14 14:40:00.975489,8,IndexMaintenance,Maintenance,Succeeded,456,0,Job completed successfully
2026-07-14,15:35:00,2026-07-14 15:35:00.975489,5,ValidateDataIntegrity,Health,Succeeded,240,0,Job completed successfully
2026-07-14,19:07:00,2026-07-14 19:07:00.975489,3,SyncReports,ETL,Succeeded,335,0,Job completed successfully
2026-07-14,19:18:00,2026-07-14 19:18:00.975489,6,ExportDailyMetrics,ETL,Succeeded,77,0,Job completed successfully
2026-07-14,22:07:00,2026-07-14 22:07:00.975489,1,BackupDB_Production,Maintenance,Failed,33,1,Error: timeout or data validation failure
2026-07-14,22:35:00,2026-07-14 22:35:00.975489,8,IndexMaintenance,Maintenance,Succeeded,435,0,Job completed successfully
2026-07-14,22:41:00,2026-07-14 22:41:00.975489,4,ArchiveOldRecords,Maintenance,Succeeded,146,0,Job completed successfully
2026-07-14,22:57:00,2026-07-14 22:57:00.975489,2,UpdateStatistics,Maintenance,Succeeded,98,0,Job completed successfully
2026-07-15,00:12:00,2026-07-15 00:12:00.975489,7,CacheRefresh,Optimization,Failed,81,1,Error: timeout or data validation failure
2026-07-15,01:16:00,2026-07-15 01:16:00.975489,6,ExportDailyMetrics,ETL,Succeeded,239,0,Job completed successfully
2026-07-15,01:25:00,2026-07-15 01:25:00.975489,3,SyncReports,ETL,Succeeded,264,0,Job completed successfully
2026-07-15,02:08:00,2026-07-15 02:08:00.975489,8,IndexMaintenance,Maintenance,Succeeded,182,0,Job completed successfully
2026-07-15,02:24:00,2026-07-15 02:24:00.975489,1,BackupDB_Production,Maintenance,Failed,36,1,Error: timeout or data validation failure
2026-07-15,02:26:00,2026-07-15 02:26:00.975489,2,UpdateStatistics,Maintenance,Succeeded,232,0,Job completed successfully
2026-07-15,02:29:00,2026-07-15 02:29:00.975489,4,ArchiveOldRecords,Maintenance,Succeeded,394,0,Job completed successfully
2026-07-15,03:09:00,2026-07-15 03:09:00.975489,5,ValidateDataIntegrity,Health,Succeeded,135,0,Job completed successfully
2026-07-15,06:31:00,2026-07-15 06:31:00.975489,1,BackupDB_Production,Maintenance,Succeeded,206,0,Job completed successfully
2026-07-15,06:32:00,2026-07-15 06:32:00.975489,8,IndexMaintenance,Maintenance,Succeeded,76,0,Job completed successfully
2026-07-15,06:55:00,2026-07-15 06:55:00.975489,4,ArchiveOldRecords,Maintenance,Failed,64,0,Error: timeout or data validation failure
2026-07-15,06:57:00,2026-07-15 06:57:00.975489,2,UpdateStatistics,Maintenance,Succeeded,460,0,Job completed successfully
2026-07-15,07:46:00,2026-07-15 07:46:00.975489,6,ExportDailyMetrics,ETL,Succeeded,99,0,Job completed successfully
2026-07-15,07:56:00,2026-07-15 07:56:00.975489,3,SyncReports,ETL,Succeeded,304,0,Job completed successfully
2026-07-15,12:22:00,2026-07-15 12:22:00.975489,7,CacheRefresh,Optimization,Succeeded,283,0,Job completed successfully
2026-07-15,13:12:00,2026-07-15 13:12:00.975489,3,SyncReports,ETL,Succeeded,70,0,Job completed successfully
2026-07-15,13:44:00,2026-07-15 13:44:00.975489,6,ExportDailyMetrics,ETL,Succeeded,468,0,Job completed successfully
2026-07-15,14:06:00,2026-07-15 14:06:00.975489,1,BackupDB_Production,Maintenance,Succeeded,542,0,Job completed successfully
2026-07-15,14:22:00,2026-07-15 14:22:00.975489,8,IndexMaintenance,Maintenance,Failed,104,1,Error: timeout or data validation failure
2026-07-15,14:41:00,2026-07-15 14:41:00.975489,4,ArchiveOldRecords,Maintenance,Succeeded,476,0,Job completed successfully
2026-07-15,14:58:00,2026-07-15 14:58:00.975489,2,UpdateStatistics,Maintenance,Failed,43,0,Error: timeout or data validation failure
2026-07-15,15:24:00,2026-07-15 15:24:00.975489,5,ValidateDataIntegrity,Health,Succeeded,259,0,Job completed successfully
2026-07-15,19:17:00,2026-07-15 19:17:00.975489,6,ExportDailyMetrics,ETL,Succeeded,424,0,Job completed successfully
2026-07-15,19:24:00,2026-07-15 19:24:00.975489,3,SyncReports,ETL,Succeeded,221,0,Job completed successfully
2026-07-15,22:14:00,2026-07-15 22:14:00.975489,8,IndexMaintenance,Maintenance,Failed,78,1,Error: timeout or data validation failure
2026-07-15,22:16:00,2026-07-15 22:16:00.975489,1,BackupDB_Production,Maintenance,Succeeded,341,0,Job completed successfully
2026-07-15,22:28:00,2026-07-15 22:28:00.975489,4,ArchiveOldRecords,Maintenance,Failed,15,2,Error: timeout or data validation failure
2026-07-15,22:43:00,2026-07-15 22:43:00.975489,2,UpdateStatistics,Maintenance,Succeeded,170,0,Job completed successfully
2026-07-16,00:31:00,2026-07-16 00:31:00.975489,7,CacheRefresh,Optimization,Succeeded,478,0,Job completed successfully
2026-07-16,01:32:00,2026-07-16 01:32:00.975489,3,SyncReports,ETL,Succeeded,110,0,Job completed successfully
2026-07-16,01:52:00,2026-07-16 01:52:00.975489,6,ExportDailyMetrics,ETL,Succeeded,89,0,Job completed successfully
2026-07-16,02:08:00,2026-07-16 02:08:00.975489,1,BackupDB_Production,Maintenance,Succeeded,341,0,Job completed successfully
2026-07-16,02:12:00,2026-07-16 02:12:00.975489,8,IndexMaintenance,Maintenance,Failed,39,2,Error: timeout or data validation failure
2026-07-16,02:33:00,2026-07-16 02:33:00.975489,2,UpdateStatistics,Maintenance,Succeeded,264,0,Job completed successfully
2026-07-16,02:47:00,2026-07-16 02:47:00.975489,4,ArchiveOldRecords,Maintenance,Succeeded,501,0,Job completed successfully
2026-07-16,03:02:00,2026-07-16 03:02:00.975489,5,ValidateDataIntegrity,Health,Succeeded,209,0,Job completed successfully
2026-07-16,06:02:00,2026-07-16 06:02:00.975489,8,IndexMaintenance,Maintenance,Succeeded,132,0,Job completed successfully
2026-07-16,06:24:00,2026-07-16 06:24:00.975489,4,ArchiveOldRecords,Maintenance,Succeeded,477,0,Job completed successfully
2026-07-16,06:27:00,2026-07-16 06:27:00.975489,1,BackupDB_Production,Maintenance,Succeeded,315,0,Job completed successfully
2026-07-16,06:57:00,2026-07-16 06:57:00.975489,2,UpdateStatistics,Maintenance,Succeeded,321,0,Job completed successfully
2026-07-16,07:00:00,2026-07-16 07:00:00.975489,3,SyncReports,ETL,Failed,52,0,Error: timeout or data validation failure
2026-07-16,07:58:00,2026-07-16 07:58:00.975489,6,ExportDailyMetrics,ETL,Succeeded,190,0,Job completed successfully
2026-07-16,12:09:00,2026-07-16 12:09:00.975489,7,CacheRefresh,Optimization,Succeeded,131,0,Job completed successfully
2026-07-16,13:03:00,2026-07-16 13:03:00.975489,3,SyncReports,ETL,Succeeded,500,0,Job completed successfully
2026-07-16,13:47:00,2026-07-16 13:47:00.975489,6,ExportDailyMetrics,ETL,Succeeded,261,0,Job completed successfully
2026-07-16,14:11:00,2026-07-16 14:11:00.975489,4,ArchiveOldRecords,Maintenance,Succeeded,143,0,Job completed successfully
2026-07-16,14:12:00,2026-07-16 14:12:00.975489,1,BackupDB_Production,Maintenance,Succeeded,477,0,Job completed successfully
2026-07-16,14:15:00,2026-07-16 14:15:00.975489,8,IndexMaintenance,Maintenance,Succeeded,305,0,Job completed successfully
2026-07-16,14:55:00,2026-07-16 14:55:00.975489,2,UpdateStatistics,Maintenance,Succeeded,34,0,Job completed successfully
2026-07-16,15:21:00,2026-07-16 15:21:00.975489,5,ValidateDataIntegrity,Health,Failed,107,1,Error: timeout or data validation failure
2026-07-16,19:19:00,2026-07-16 19:19:00.975489,3,SyncReports,ETL,Succeeded,345,0,Job completed successfully
2026-07-16,19:25:00,2026-07-16 19:25:00.975489,6,ExportDailyMetrics,ETL,Succeeded,213,0,Job completed successfully
2026-07-16,22:29:00,2026-07-16 22:29:00.975489,8,IndexMaintenance,Maintenance,Succeeded,55,0,Job completed successfully
2026-07-16,22:32:00,2026-07-16 22:32:00.975489,2,UpdateStatistics,Maintenance,Succeeded,129,0,Job completed successfully
2026-07-16,22:47:00,2026-07-16 22:47:00.975489,4,ArchiveOldRecords,Maintenance,Succeeded,537,0,Job completed successfully
2026-07-16,22:49:00,2026-07-16 22:49:00.975489,1,BackupDB_Production,Maintenance,Succeeded,197,0,Job completed successfully
2026-07-17,00:32:00,2026-07-17 00:32:00.975489,7,CacheRefresh,Optimization,Succeeded,80,0,Job completed successfully
2026-07-17,01:05:00,2026-07-17 01:05:00.975489,3,SyncReports,ETL,Succeeded,375,0,Job completed successfully
2026-07-17,01:14:00,2026-07-17 01:14:00.975489,6,ExportDailyMetrics,ETL,Succeeded,311,0,Job completed successfully
2026-07-17,02:06:00,2026-07-17 02:06:00.975489,8,IndexMaintenance,Maintenance,Succeeded,546,0,Job completed successfully
2026-07-17,02:06:00,2026-07-17 02:06:00.975489,4,ArchiveOldRecords,Maintenance,Succeeded,543,0,Job completed successfully
2026-07-17,02:26:00,2026-07-17 02:26:00.975489,2,UpdateStatistics,Maintenance,Succeeded,103,0,Job completed successfully
2026-07-17,02:34:00,2026-07-17 02:34:00.975489,1,BackupDB_Production,Maintenance,Succeeded,209,0,Job completed successfully
2026-07-17,03:54:00,2026-07-17 03:54:00.975489,5,ValidateDataIntegrity,Health,Succeeded,548,0,Job completed successfully
2026-07-17,06:12:00,2026-07-17 06:12:00.975489,8,IndexMaintenance,Maintenance,Failed,46,2,Error: timeout or data validation failure
2026-07-17,06:13:00,2026-07-17 06:13:00.975489,1,BackupDB_Production,Maintenance,Succeeded,220,0,Job completed successfully
2026-07-17,06:15:00,2026-07-17 06:15:00.975489,4,ArchiveOldRecords,Maintenance,Succeeded,205,0,Job completed successfully
2026-07-17,06:59:00,2026-07-17 06:59:00.975489,2,UpdateStatistics,Maintenance,Succeeded,591,0,Job completed successfully
2026-07-17,07:19:00,2026-07-17 07:19:00.975489,3,SyncReports,ETL,Succeeded,552,0,Job completed successfully
2026-07-17,07:48:00,2026-07-17 07:48:00.975489,6,ExportDailyMetrics,ETL,Succeeded,118,0,Job completed successfully
2026-07-17,12:59:00,2026-07-17 12:59:00.975489,7,CacheRefresh,Optimization,Failed,82,0,Error: timeout or data validation failure
2026-07-17,13:07:00,2026-07-17 13:07:00.975489,6,ExportDailyMetrics,ETL,Succeeded,338,0,Job completed successfully
2026-07-17,13:23:00,2026-07-17 13:23:00.975489,3,SyncReports,ETL,Succeeded,366,0,Job completed successfully
2026-07-17,14:28:00,2026-07-17 14:28:00.975489,4,ArchiveOldRecords,Maintenance,Succeeded,226,0,Job completed successfully
2026-07-17,14:46:00,2026-07-17 14:46:00.975489,2,UpdateStatistics,Maintenance,Succeeded,379,0,Job completed successfully
2026-07-17,14:48:00,2026-07-17 14:48:00.975489,8,IndexMaintenance,Maintenance,Succeeded,193,0,Job completed successfully
2026-07-17,14:56:00,2026-07-17 14:56:00.975489,1,BackupDB_Production,Maintenance,Succeeded,237,0,Job completed successfully
2026-07-17,15:01:00,2026-07-17 15:01:00.975489,5,ValidateDataIntegrity,Health,Succeeded,243,0,Job completed successfully
2026-07-17,19:05:00,2026-07-17 19:05:00.975489,6,ExportDailyMetrics,ETL,Succeeded,174,0,Job completed successfully
2026-07-17,19:50:00,2026-07-17 19:50:00.975489,3,SyncReports,ETL,Succeeded,249,0,Job completed successfully
2026-07-17,22:30:00,2026-07-17 22:30:00.975489,4,ArchiveOldRecords,Maintenance,Succeeded,99,0,Job completed successfully
2026-07-17,22:36:00,2026-07-17 22:36:00.975489,8,IndexMaintenance,Maintenance,Succeeded,144,0,Job completed successfully
2026-07-17,22:48:00,2026-07-17 22:48:00.975489,2,UpdateStatistics,Maintenance,Succeeded,488,0,Job completed successfully
2026-07-17,22:57:00,2026-07-17 22:57:00.975489,1,BackupDB_Production,Maintenance,Succeeded,430,0,Job completed successfully
2026-07-18,00:00:00,2026-07-18 00:00:00.975489,7,CacheRefresh,Optimization,Succeeded,243,0,Job completed successfully
2026-07-18,01:17:00,2026-07-18 01:17:00.975489,6,ExportDailyMetrics,ETL,Succeeded,166,0,Job completed successfully
2026-07-18,01:46:00,2026-07-18 01:46:00.975489,3,SyncReports,ETL,Succeeded,242,0,Job completed successfully
2026-07-18,02:08:00,2026-07-18 02:08:00.975489,1,BackupDB_Production,Maintenance,Succeeded,219,0,Job completed successfully
2026-07-18,02:15:00,2026-07-18 02:15:00.975489,4,ArchiveOldRecords,Maintenance,Succeeded,162,0,Job completed successfully
2026-07-18,02:31:00,2026-07-18 02:31:00.975489,8,IndexMaintenance,Maintenance,Succeeded,501,0,Job completed successfully
2026-07-18,02:35:00,2026-07-18 02:35:00.975489,2,UpdateStatistics,Maintenance,Succeeded,542,0,Job completed successfully
2026-07-18,03:54:00,2026-07-18 03:54:00.975489,5,ValidateDataIntegrity,Health,Succeeded,489,0,Job completed successfully
2026-07-18,06:16:00,2026-07-18 06:16:00.975489,4,ArchiveOldRecords,Maintenance,Succeeded,450,0,Job completed successfully
2026-07-18,06:50:00,2026-07-18 06:50:00.975489,2,UpdateStatistics,Maintenance,Succeeded,517,0,Job completed successfully
2026-07-18,06:51:00,2026-07-18 06:51:00.975489,1,BackupDB_Production,Maintenance,Succeeded,54,0,Job completed successfully
2026-07-18,06:51:00,2026-07-18 06:51:00.975489,8,IndexMaintenance,Maintenance,Succeeded,476,0,Job completed successfully
2026-07-18,07:03:00,2026-07-18 07:03:00.975489,6,ExportDailyMetrics,ETL,Succeeded,517,0,Job completed successfully
2026-07-18,07:41:00,2026-07-18 07:41:00.975489,3,SyncReports,ETL,Succeeded,62,0,Job completed successfully
2026-07-18,12:45:00,2026-07-18 12:45:00.975489,7,CacheRefresh,Optimization,Succeeded,260,0,Job completed successfully
2026-07-18,13:45:00,2026-07-18 13:45:00.975489,3,SyncReports,ETL,Succeeded,269,0,Job completed successfully
2026-07-18,13:57:00,2026-07-18 13:57:00.975489,6,ExportDailyMetrics,ETL,Succeeded,525,0,Job completed successfully
2026-07-18,14:18:00,2026-07-18 14:18:00.975489,2,UpdateStatistics,Maintenance,Succeeded,106,0,Job completed successfully
2026-07-18,14:41:00,2026-07-18 14:41:00.975489,8,IndexMaintenance,Maintenance,Succeeded,234,0,Job completed successfully
2026-07-18,14:42:00,2026-07-18 14:42:00.975489,1,BackupDB_Production,Maintenance,Succeeded,102,0,Job completed successfully
2026-07-18,14:55:00,2026-07-18 14:55:00.975489,4,ArchiveOldRecords,Maintenance,Failed,120,1,Error: timeout or data validation failure
2026-07-18,15:33:00,2026-07-18 15:33:00.975489,5,ValidateDataIntegrity,Health,Succeeded,51,0,Job completed successfully
2026-07-18,19:21:00,2026-07-18 19:21:00.975489,6,ExportDailyMetrics,ETL,Succeeded,318,0,Job completed successfully
2026-07-18,19:27:00,2026-07-18 19:27:00.975489,3,SyncReports,ETL,Succeeded,152,0,Job completed successfully
2026-07-18,22:14:00,2026-07-18 22:14:00.975489,8,IndexMaintenance,Maintenance,Succeeded,458,0,Job completed successfully
2026-07-18,22:24:00,2026-07-18 22:24:00.975489,4,ArchiveOldRecords,Maintenance,Succeeded,527,0,Job completed successfully
2026-07-18,22:35:00,2026-07-18 22:35:00.975489,1,BackupDB_Production,Maintenance,Succeeded,133,0,Job completed successfully
2026-07-18,22:40:00,2026-07-18 22:40:00.975489,2,UpdateStatistics,Maintenance,Succeeded,173,0,Job completed successfully
2026-07-19,00:58:00,2026-07-19 00:58:00.975489,7,CacheRefresh,Optimization,Succeeded,492,0,Job completed successfully
2026-07-19,01:15:00,2026-07-19 01:15:00.975489,6,ExportDailyMetrics,ETL,Succeeded,278,0,Job completed successfully
2026-07-19,01:53:00,2026-07-19 01:53:00.975489,3,SyncReports,ETL,Succeeded,455,0,Job completed successfully
2026-07-19,02:00:00,2026-07-19 02:00:00.975489,1,BackupDB_Production,Maintenance,Succeeded,188,0,Job completed successfully
2026-07-19,02:21:00,2026-07-19 02:21:00.975489,8,IndexMaintenance,Maintenance,Succeeded,562,0,Job completed successfully
2026-07-19,02:39:00,2026-07-19 02:39:00.975489,2,UpdateStatistics,Maintenance,Succeeded,397,0,Job completed successfully
2026-07-19,02:46:00,2026-07-19 02:46:00.975489,4,ArchiveOldRecords,Maintenance,Succeeded,409,0,Job completed successfully
2026-07-19,03:40:00,2026-07-19 03:40:00.975489,5,ValidateDataIntegrity,Health,Succeeded,174,0,Job completed successfully
2026-07-19,06:00:00,2026-07-19 06:00:00.975489,8,IndexMaintenance,Maintenance,Succeeded,510,0,Job completed successfully
2026-07-19,06:23:00,2026-07-19 06:23:00.975489,1,BackupDB_Production,Maintenance,Succeeded,324,0,Job completed successfully
2026-07-19,06:31:00,2026-07-19 06:31:00.975489,4,ArchiveOldRecords,Maintenance,Succeeded,203,0,Job completed successfully
2026-07-19,06:52:00,2026-07-19 06:52:00.975489,2,UpdateStatistics,Maintenance,Succeeded,216,0,Job completed successfully
2026-07-19,07:06:00,2026-07-19 07:06:00.975489,6,ExportDailyMetrics,ETL,Succeeded,57,0,Job completed successfully
2026-07-19,07:10:00,2026-07-19 07:10:00.975489,3,SyncReports,ETL,Succeeded,42,0,Job completed successfully
2026-07-19,12:17:00,2026-07-19 12:17:00.975489,7,CacheRefresh,Optimization,Succeeded,204,0,Job completed successfully
2026-07-19,13:50:00,2026-07-19 13:50:00.975489,6,ExportDailyMetrics,ETL,Succeeded,409,0,Job completed successfully
2026-07-19,13:51:00,2026-07-19 13:51:00.975489,3,SyncReports,ETL,Succeeded,132,0,Job completed successfully
2026-07-19,14:01:00,2026-07-19 14:01:00.975489,4,ArchiveOldRecords,Maintenance,Succeeded,258,0,Job completed successfully
2026-07-19,14:16:00,2026-07-19 14:16:00.975489,1,BackupDB_Production,Maintenance,Succeeded,560,0,Job completed successfully
2026-07-19,14:27:00,2026-07-19 14:27:00.975489,8,IndexMaintenance,Maintenance,Succeeded,561,0,Job completed successfully
2026-07-19,14:56:00,2026-07-19 14:56:00.975489,2,UpdateStatistics,Maintenance,Failed,113,0,Error: timeout or data validation failure
2026-07-19,15:36:00,2026-07-19 15:36:00.975489,5,ValidateDataIntegrity,Health,Succeeded,526,0,Job completed successfully
2026-07-19,19:01:00,2026-07-19 19:01:00.975489,3,SyncReports,ETL,Succeeded,438,0,Job completed successfully
2026-07-19,19:02:00,2026-07-19 19:02:00.975489,6,ExportDailyMetrics,ETL,Succeeded,185,0,Job completed successfully
2026-07-19,22:28:00,2026-07-19 22:28:00.975489,4,ArchiveOldRecords,Maintenance,Succeeded,563,0,Job completed successfully
2026-07-19,22:32:00,2026-07-19 22:32:00.975489,1,BackupDB_Production,Maintenance,Succeeded,160,0,Job completed successfully
2026-07-19,22:43:00,2026-07-19 22:43:00.975489,8,IndexMaintenance,Maintenance,Succeeded,63,0,Job completed successfully
2026-07-19,22:45:00,2026-07-19 22:45:00.975489,2,UpdateStatistics,Maintenance,Succeeded,284,0,Job completed successfully
2026-07-20,00:35:00,2026-07-20 00:35:00.975489,7,CacheRefresh,Optimization,Succeeded,527,0,Job completed successfully
2026-07-20,01:20:00,2026-07-20 01:20:00.975489,6,ExportDailyMetrics,ETL,Succeeded,567,0,Job completed successfully
2026-07-20,01:25:00,2026-07-20 01:25:00.975489,3,SyncReports,ETL,Succeeded,470,0,Job completed successfully
2026-07-20,02:10:00,2026-07-20 02:10:00.975489,8,IndexMaintenance,Maintenance,Succeeded,409,0,Job completed successfully
2026-07-20,02:24:00,2026-07-20 02:24:00.975489,1,BackupDB_Production,Maintenance,Failed,120,0,Error: timeout or data validation failure
2026-07-20,02:25:00,2026-07-20 02:25:00.975489,4,ArchiveOldRecords,Maintenance,Succeeded,41,0,Job completed successfully
2026-07-20,02:37:00,2026-07-20 02:37:00.975489,2,UpdateStatistics,Maintenance,Succeeded,323,0,Job completed successfully
2026-07-20,03:59:00,2026-07-20 03:59:00.975489,5,ValidateDataIntegrity,Health,Succeeded,566,0,Job completed successfully
2026-07-20,06:01:00,2026-07-20 06:01:00.975489,1,BackupDB_Production,Maintenance,Succeeded,337,0,Job completed successfully
2026-07-20,06:19:00,2026-07-20 06:19:00.975489,4,ArchiveOldRecords,Maintenance,Succeeded,248,0,Job completed successfully
2026-07-20,06:43:00,2026-07-20 06:43:00.975489,2,UpdateStatistics,Maintenance,Failed,42,0,Error: timeout or data validation failure
2026-07-20,06:48:00,2026-07-20 06:48:00.975489,8,IndexMaintenance,Maintenance,Succeeded,389,0,Job completed successfully
2026-07-20,07:08:00,2026-07-20 07:08:00.975489,6,ExportDailyMetrics,ETL,Succeeded,598,0,Job completed successfully
2026-07-20,07:13:00,2026-07-20 07:13:00.975489,3,SyncReports,ETL,Succeeded,280,0,Job completed successfully
2026-07-20,12:42:00,2026-07-20 12:42:00.975489,7,CacheRefresh,Optimization,Failed,96,1,Error: timeout or data validation failure
2026-07-20,13:25:00,2026-07-20 13:25:00.975489,3,SyncReports,ETL,Succeeded,393,0,Job completed successfully
2026-07-20,13:48:00,2026-07-20 13:48:00.975489,6,ExportDailyMetrics,ETL,Succeeded,500,0,Job completed successfully
2026-07-20,14:04:00,2026-07-20 14:04:00.975489,4,ArchiveOldRecords,Maintenance,Succeeded,455,0,Job completed successfully
2026-07-20,14:10:00,2026-07-20 14:10:00.975489,8,IndexMaintenance,Maintenance,Succeeded,131,0,Job completed successfully
2026-07-20,14:16:00,2026-07-20 14:16:00.975489,2,UpdateStatistics,Maintenance,Succeeded,405,0,Job completed successfully
2026-07-20,14:45:00,2026-07-20 14:45:00.975489,1,BackupDB_Production,Maintenance,Succeeded,423,0,Job completed successfully
2026-07-20,15:28:00,2026-07-20 15:28:00.975489,5,ValidateDataIntegrity,Health,Succeeded,572,0,Job completed successfully
2026-07-20,19:36:00,2026-07-20 19:36:00.975489,3,SyncReports,ETL,Succeeded,418,0,Job completed successfully
2026-07-20,19:56:00,2026-07-20 19:56:00.975489,6,ExportDailyMetrics,ETL,Succeeded,525,0,Job completed successfully
2026-07-20,22:00:00,2026-07-20 22:00:00.975489,8,IndexMaintenance,Maintenance,Succeeded,451,0,Job completed successfully
2026-07-20,22:15:00,2026-07-20 22:15:00.975489,1,BackupDB_Production,Maintenance,Succeeded,546,0,Job completed successfully
2026-07-20,22:44:00,2026-07-20 22:44:00.975489,2,UpdateStatistics,Maintenance,Succeeded,389,0,Job completed successfully
2026-07-20,22:57:00,2026-07-20 22:57:00.975489,4,ArchiveOldRecords,Maintenance,Succeeded,320,0,Job completed successfully
2026-07-21,00:57:00,2026-07-21 00:57:00.975489,7,CacheRefresh,Optimization,Succeeded,448,0,Job completed successfully
2026-07-21,01:39:00,2026-07-21 01:39:00.975489,3,SyncReports,ETL,Succeeded,199,0,Job completed successfully
2026-07-21,01:39:00,2026-07-21 01:39:00.975489,6,ExportDailyMetrics,ETL,Succeeded,448,0,Job completed successfully
2026-07-21,02:06:00,2026-07-21 02:06:00.975489,4,ArchiveOldRecords,Maintenance,Succeeded,121,0,Job completed successfully
2026-07-21,02:24:00,2026-07-21 02:24:00.975489,2,UpdateStatistics,Maintenance,Succeeded,278,0,Job completed successfully
2026-07-21,02:27:00,2026-07-21 02:27:00.975489,8,IndexMaintenance,Maintenance,Succeeded,567,0,Job completed successfully
2026-07-21,02:59:00,2026-07-21 02:59:00.975489,1,BackupDB_Production,Maintenance,Failed,94,2,Error: timeout or data validation failure
2026-07-21,03:39:00,2026-07-21 03:39:00.975489,5,ValidateDataIntegrity,Health,Succeeded,202,0,Job completed successfully
2026-07-21,06:06:00,2026-07-21 06:06:00.975489,2,UpdateStatistics,Maintenance,Succeeded,86,0,Job completed successfully
2026-07-21,06:15:00,2026-07-21 06:15:00.975489,8,IndexMaintenance,Maintenance,Succeeded,572,0,Job completed successfully
2026-07-21,06:29:00,2026-07-21 06:29:00.975489,4,ArchiveOldRecords,Maintenance,Succeeded,511,0,Job completed successfully
2026-07-21,06:58:00,2026-07-21 06:58:00.975489,1,BackupDB_Production,Maintenance,Succeeded,265,0,Job completed successfully
2026-07-21,07:00:00,2026-07-21 07:00:00.975489,3,SyncReports,ETL,Succeeded,107,0,Job completed successfully
2026-07-21,07:33:00,2026-07-21 07:33:00.975489,6,ExportDailyMetrics,ETL,Succeeded,487,0,Job completed successfully
2026-07-21,12:31:00,2026-07-21 12:31:00.975489,7,CacheRefresh,Optimization,Succeeded,396,0,Job completed successfully
2026-07-21,13:05:00,2026-07-21 13:05:00.975489,6,ExportDailyMetrics,ETL,Succeeded,379,0,Job completed successfully
2026-07-21,13:17:00,2026-07-21 13:17:00.975489,3,SyncReports,ETL,Succeeded,64,0,Job completed successfully
2026-07-21,14:05:00,2026-07-21 14:05:00.975489,8,IndexMaintenance,Maintenance,Succeeded,188,0,Job completed successfully
2026-07-21,14:17:00,2026-07-21 14:17:00.975489,1,BackupDB_Production,Maintenance,Succeeded,392,0,Job completed successfully
2026-07-21,14:29:00,2026-07-21 14:29:00.975489,2,UpdateStatistics,Maintenance,Failed,65,1,Error: timeout or data validation failure
2026-07-21,14:41:00,2026-07-21 14:41:00.975489,4,ArchiveOldRecords,Maintenance,Succeeded,362,0,Job completed successfully
2026-07-21,15:54:00,2026-07-21 15:54:00.975489,5,ValidateDataIntegrity,Health,Succeeded,565,0,Job completed successfully
2026-07-21,19:04:00,2026-07-21 19:04:00.975489,3,SyncReports,ETL,Succeeded,475,0,Job completed successfully
2026-07-21,19:25:00,2026-07-21 19:25:00.975489,6,ExportDailyMetrics,ETL,Succeeded,489,0,Job completed successfully
2026-07-21,22:11:00,2026-07-21 22:11:00.975489,8,IndexMaintenance,Maintenance,Succeeded,479,0,Job completed successfully
2026-07-21,22:29:00,2026-07-21 22:29:00.975489,1,BackupDB_Production,Maintenance,Succeeded,596,0,Job completed successfully
2026-07-21,22:36:00,2026-07-21 22:36:00.975489,2,UpdateStatistics,Maintenance,Succeeded,421,0,Job completed successfully
2026-07-21,22:37:00,2026-07-21 22:37:00.975489,4,ArchiveOldRecords,Maintenance,Failed,41,1,Error: timeout or data validation failure
2026-07-22,00:27:00,2026-07-22 00:27:00.975489,7,CacheRefresh,Optimization,Succeeded,390,0,Job completed successfully
2026-07-22,01:54:00,2026-07-22 01:54:00.975489,6,ExportDailyMetrics,ETL,Succeeded,83,0,Job completed successfully
2026-07-22,01:57:00,2026-07-22 01:57:00.975489,3,SyncReports,ETL,Succeeded,448,0,Job completed successfully
2026-07-22,02:25:00,2026-07-22 02:25:00.975489,2,UpdateStatistics,Maintenance,Succeeded,384,0,Job completed successfully
2026-07-22,02:27:00,2026-07-22 02:27:00.975489,1,BackupDB_Production,Maintenance,Succeeded,494,0,Job completed successfully
2026-07-22,02:28:00,2026-07-22 02:28:00.975489,8,IndexMaintenance,Maintenance,Succeeded,532,0,Job completed successfully
2026-07-22,02:53:00,2026-07-22 02:53:00.975489,4,ArchiveOldRecords,Maintenance,Succeeded,580,0,Job completed successfully
2026-07-22,03:23:00,2026-07-22 03:23:00.975489,5,ValidateDataIntegrity,Health,Succeeded,338,0,Job completed successfully
2026-07-22,06:03:00,2026-07-22 06:03:00.975489,8,IndexMaintenance,Maintenance,Succeeded,423,0,Job completed successfully
2026-07-22,06:23:00,2026-07-22 06:23:00.975489,4,ArchiveOldRecords,Maintenance,Succeeded,425,0,Job completed successfully
2026-07-22,06:25:00,2026-07-22 06:25:00.975489,2,UpdateStatistics,Maintenance,Succeeded,67,0,Job completed successfully
2026-07-22,06:55:00,2026-07-22 06:55:00.975489,1,BackupDB_Production,Maintenance,Succeeded,372,0,Job completed successfully
2026-07-22,07:25:00,2026-07-22 07:25:00.975489,6,ExportDailyMetrics,ETL,Succeeded,581,0,Job completed successfully
2026-07-22,07:45:00,2026-07-22 07:45:00.975489,3,SyncReports,ETL,Succeeded,499,0,Job completed successfully
2026-07-22,12:05:00,2026-07-22 12:05:00.975489,7,CacheRefresh,Optimization,Succeeded,499,0,Job completed successfully
2026-07-22,13:08:00,2026-07-22 13:08:00.975489,3,SyncReports,ETL,Succeeded,69,0,Job completed successfully
2026-07-22,13:38:00,2026-07-22 13:38:00.975489,6,ExportDailyMetrics,ETL,Succeeded,70,0,Job completed successfully
2026-07-22,14:20:00,2026-07-22 14:20:00.975489,4,ArchiveOldRecords,Maintenance,Succeeded,51,0,Job completed successfully
2026-07-22,14:35:00,2026-07-22 14:35:00.975489,8,IndexMaintenance,Maintenance,Succeeded,360,0,Job completed successfully
2026-07-22,14:44:00,2026-07-22 14:44:00.975489,1,BackupDB_Production,Maintenance,Failed,120,0,Error: timeout or data validation failure
2026-07-22,14:46:00,2026-07-22 14:46:00.975489,2,UpdateStatistics,Maintenance,Succeeded,336,0,Job completed successfully
2026-07-22,15:09:00,2026-07-22 15:09:00.975489,5,ValidateDataIntegrity,Health,Succeeded,143,0,Job completed successfully
2026-07-22,19:15:00,2026-07-22 19:15:00.975489,3,SyncReports,ETL,Succeeded,504,0,Job completed successfully
2026-07-22,19:33:00,2026-07-22 19:33:00.975489,6,ExportDailyMetrics,ETL,Succeeded,495,0,Job completed successfully
2026-07-22,22:17:00,2026-07-22 22:17:00.975489,8,IndexMaintenance,Maintenance,Succeeded,454,0,Job completed successfully
2026-07-22,22:43:00,2026-07-22 22:43:00.975489,4,ArchiveOldRecords,Maintenance,Succeeded,194,0,Job completed successfully
2026-07-22,22:46:00,2026-07-22 22:46:00.975489,2,UpdateStatistics,Maintenance,Succeeded,573,0,Job completed successfully
2026-07-22,22:56:00,2026-07-22 22:56:00.975489,1,BackupDB_Production,Maintenance,Succeeded,310,0,Job completed successfully
2026-07-23,00:36:00,2026-07-23 00:36:00.975489,7,CacheRefresh,Optimization,Succeeded,492,0,Job completed successfully
2026-07-23,01:47:00,2026-07-23 01:47:00.975489,3,SyncReports,ETL,Succeeded,190,0,Job completed successfully
2026-07-23,01:50:00,2026-07-23 01:50:00.975489,6,ExportDailyMetrics,ETL,Succeeded,147,0,Job completed successfully
2026-07-23,02:02:00,2026-07-23 02:02:00.975489,4,ArchiveOldRecords,Maintenance,Succeeded,379,0,Job completed successfully
2026-07-23,02:25:00,2026-07-23 02:25:00.975489,1,BackupDB_Production,Maintenance,Succeeded,599,0,Job completed successfully
2026-07-23,02:25:00,2026-07-23 02:25:00.975489,8,IndexMaintenance,Maintenance,Succeeded,554,0,Job completed successfully
2026-07-23,02:49:00,2026-07-23 02:49:00.975489,2,UpdateStatistics,Maintenance,Succeeded,345,0,Job completed successfully
2026-07-23,03:42:00,2026-07-23 03:42:00.975489,5,ValidateDataIntegrity,Health,Succeeded,527,0,Job completed successfully
2026-07-23,06:17:00,2026-07-23 06:17:00.975489,2,UpdateStatistics,Maintenance,Succeeded,402,0,Job completed successfully
2026-07-23,06:33:00,2026-07-23 06:33:00.975489,1,BackupDB_Production,Maintenance,Failed,103,0,Error: timeout or data validation failure
2026-07-23,06:38:00,2026-07-23 06:38:00.975489,8,IndexMaintenance,Maintenance,Succeeded,54,0,Job completed successfully
2026-07-23,06:48:00,2026-07-23 06:48:00.975489,4,ArchiveOldRecords,Maintenance,Succeeded,40,0,Job completed successfully
2026-07-23,07:35:00,2026-07-23 07:35:00.975489,6,ExportDailyMetrics,ETL,Succeeded,415,0,Job completed successfully
2026-07-23,07:46:00,2026-07-23 07:46:00.975489,3,SyncReports,ETL,Succeeded,600,0,Job completed successfully
2026-07-23,12:36:00,2026-07-23 12:36:00.975489,7,CacheRefresh,Optimization,Succeeded,598,0,Job completed successfully
2026-07-23,13:09:00,2026-07-23 13:09:00.975489,3,SyncReports,ETL,Succeeded,51,0,Job completed successfully
2026-07-23,13:14:00,2026-07-23 13:14:00.975489,6,ExportDailyMetrics,ETL,Succeeded,245,0,Job completed successfully
2026-07-23,14:17:00,2026-07-23 14:17:00.975489,4,ArchiveOldRecords,Maintenance,Succeeded,330,0,Job completed successfully
2026-07-23,14:51:00,2026-07-23 14:51:00.975489,2,UpdateStatistics,Maintenance,Succeeded,242,0,Job completed successfully
2026-07-23,14:54:00,2026-07-23 14:54:00.975489,8,IndexMaintenance,Maintenance,Succeeded,493,0,Job completed successfully
2026-07-23,14:56:00,2026-07-23 14:56:00.975489,1,BackupDB_Production,Maintenance,Succeeded,141,0,Job completed successfully
2026-07-23,15:22:00,2026-07-23 15:22:00.975489,5,ValidateDataIntegrity,Health,Succeeded,366,0,Job completed successfully
2026-07-23,19:34:00,2026-07-23 19:34:00.975489,6,ExportDailyMetrics,ETL,Succeeded,435,0,Job completed successfully
2026-07-23,19:53:00,2026-07-23 19:53:00.975489,3,SyncReports,ETL,Succeeded,500,0,Job completed successfully
2026-07-23,22:42:00,2026-07-23 22:42:00.975489,1,BackupDB_Production,Maintenance,Failed,51,2,Error: timeout or data validation failure
2026-07-23,22:43:00,2026-07-23 22:43:00.975489,2,UpdateStatistics,Maintenance,Failed,35,2,Error: timeout or data validation failure
2026-07-23,22:45:00,2026-07-23 22:45:00.975489,4,ArchiveOldRecords,Maintenance,Succeeded,115,0,Job completed successfully
2026-07-23,22:47:00,2026-07-23 22:47:00.975489,8,IndexMaintenance,Maintenance,Succeeded,234,0,Job completed successfully
2026-07-24,00:22:00,2026-07-24 00:22:00.975489,7,CacheRefresh,Optimization,Succeeded,352,0,Job completed successfully
2026-07-24,01:08:00,2026-07-24 01:08:00.975489,6,ExportDailyMetrics,ETL,Succeeded,555,0,Job completed successfully
2026-07-24,01:45:00,2026-07-24 01:45:00.975489,3,SyncReports,ETL,Succeeded,106,0,Job completed successfully
2026-07-24,02:07:00,2026-07-24 02:07:00.975489,2,UpdateStatistics,Maintenance,Succeeded,357,0,Job completed successfully
2026-07-24,02:23:00,2026-07-24 02:23:00.975489,8,IndexMaintenance,Maintenance,Succeeded,597,0,Job completed successfully
2026-07-24,02:28:00,2026-07-24 02:28:00.975489,1,BackupDB_Production,Maintenance,Succeeded,562,0,Job completed successfully
2026-07-24,02:29:00,2026-07-24 02:29:00.975489,4,ArchiveOldRecords,Maintenance,Succeeded,249,0,Job completed successfully
2026-07-24,03:16:00,2026-07-24 03:16:00.975489,5,ValidateDataIntegrity,Health,Succeeded,583,0,Job completed successfully
2026-07-24,06:21:00,2026-07-24 06:21:00.975489,8,IndexMaintenance,Maintenance,Succeeded,392,0,Job completed successfully
2026-07-24,06:32:00,2026-07-24 06:32:00.975489,2,UpdateStatistics,Maintenance,Succeeded,561,0,Job completed successfully
2026-07-24,06:40:00,2026-07-24 06:40:00.975489,4,ArchiveOldRecords,Maintenance,Failed,115,1,Error: timeout or data validation failure
2026-07-24,06:59:00,2026-07-24 06:59:00.975489,1,BackupDB_Production,Maintenance,Succeeded,236,0,Job completed successfully
2026-07-24,07:11:00,2026-07-24 07:11:00.975489,6,ExportDailyMetrics,ETL,Succeeded,453,0,Job completed successfully
2026-07-24,07:27:00,2026-07-24 07:27:00.975489,3,SyncReports,ETL,Succeeded,109,0,Job completed successfully
2026-07-24,12:31:00,2026-07-24 12:31:00.975489,7,CacheRefresh,Optimization,Succeeded,481,0,Job completed successfully
2026-07-24,13:24:00,2026-07-24 13:24:00.975489,6,ExportDailyMetrics,ETL,Succeeded,561,0,Job completed successfully
2026-07-24,13:32:00,2026-07-24 13:32:00.975489,3,SyncReports,ETL,Failed,109,1,Error: timeout or data validation failure
2026-07-24,14:00:00,2026-07-24 14:00:00.975489,4,ArchiveOldRecords,Maintenance,Succeeded,187,0,Job completed successfully
2026-07-24,14:04:00,2026-07-24 14:04:00.975489,8,IndexMaintenance,Maintenance,Succeeded,224,0,Job completed successfully
2026-07-24,14:10:00,2026-07-24 14:10:00.975489,1,BackupDB_Production,Maintenance,Succeeded,332,0,Job completed successfully
2026-07-24,14:28:00,2026-07-24 14:28:00.975489,2,UpdateStatistics,Maintenance,Succeeded,583,0,Job completed successfully
2026-07-24,15:00:00,2026-07-24 15:00:00.975489,5,ValidateDataIntegrity,Health,Succeeded,476,0,Job completed successfully
2026-07-24,19:41:00,2026-07-24 19:41:00.975489,6,ExportDailyMetrics,ETL,Succeeded,241,0,Job completed successfully
2026-07-24,19:54:00,2026-07-24 19:54:00.975489,3,SyncReports,ETL,Succeeded,600,0,Job completed successfully
2026-07-24,22:03:00,2026-07-24 22:03:00.975489,2,UpdateStatistics,Maintenance,Succeeded,105,0,Job completed successfully
2026-07-24,22:03:00,2026-07-24 22:03:00.975489,1,BackupDB_Production,Maintenance,Succeeded,298,0,Job completed successfully
2026-07-24,22:16:00,2026-07-24 22:16:00.975489,4,ArchiveOldRecords,Maintenance,Succeeded,505,0,Job completed successfully
2026-07-24,22:57:00,2026-07-24 22:57:00.975489,8,IndexMaintenance,Maintenance,Succeeded,137,0,Job completed successfully
2026-07-25,00:04:00,2026-07-25 00:04:00.975489,7,CacheRefresh,Optimization,Succeeded,403,0,Job completed successfully
2026-07-25,01:11:00,2026-07-25 01:11:00.975489,3,SyncReports,ETL,Succeeded,125,0,Job completed successfully
2026-07-25,01:43:00,2026-07-25 01:43:00.975489,6,ExportDailyMetrics,ETL,Succeeded,182,0,Job completed successfully
2026-07-25,02:12:00,2026-07-25 02:12:00.975489,8,IndexMaintenance,Maintenance,Succeeded,546,0,Job completed successfully
2026-07-25,02:34:00,2026-07-25 02:34:00.975489,4,ArchiveOldRecords,Maintenance,Succeeded,411,0,Job completed successfully
2026-07-25,02:44:00,2026-07-25 02:44:00.975489,2,UpdateStatistics,Maintenance,Succeeded,443,0,Job completed successfully
2026-07-25,02:48:00,2026-07-25 02:48:00.975489,1,BackupDB_Production,Maintenance,Succeeded,358,0,Job completed successfully
2026-07-25,03:47:00,2026-07-25 03:47:00.975489,5,ValidateDataIntegrity,Health,Succeeded,442,0,Job completed successfully
2026-07-25,06:04:00,2026-07-25 06:04:00.975489,4,ArchiveOldRecords,Maintenance,Failed,108,2,Error: timeout or data validation failure
2026-07-25,06:20:00,2026-07-25 06:20:00.975489,1,BackupDB_Production,Maintenance,Succeeded,189,0,Job completed successfully
2026-07-25,06:29:00,2026-07-25 06:29:00.975489,2,UpdateStatistics,Maintenance,Succeeded,371,0,Job completed successfully
2026-07-25,06:52:00,2026-07-25 06:52:00.975489,8,IndexMaintenance,Maintenance,Succeeded,81,0,Job completed successfully
2026-07-25,07:42:00,2026-07-25 07:42:00.975489,3,SyncReports,ETL,Succeeded,294,0,Job completed successfully
2026-07-25,07:58:00,2026-07-25 07:58:00.975489,6,ExportDailyMetrics,ETL,Succeeded,232,0,Job completed successfully
2026-07-25,12:27:00,2026-07-25 12:27:00.975489,7,CacheRefresh,Optimization,Succeeded,426,0,Job completed successfully
2026-07-25,13:10:00,2026-07-25 13:10:00.975489,3,SyncReports,ETL,Succeeded,113,0,Job completed successfully
2026-07-25,13:17:00,2026-07-25 13:17:00.975489,6,ExportDailyMetrics,ETL,Succeeded,463,0,Job completed successfully
2026-07-25,14:00:00,2026-07-25 14:00:00.975489,8,IndexMaintenance,Maintenance,Failed,13,1,Error: timeout or data validation failure
2026-07-25,14:01:00,2026-07-25 14:01:00.975489,1,BackupDB_Production,Maintenance,Succeeded,185,0,Job completed successfully
2026-07-25,14:25:00,2026-07-25 14:25:00.975489,2,UpdateStatistics,Maintenance,Succeeded,216,0,Job completed successfully
2026-07-25,14:47:00,2026-07-25 14:47:00.975489,4,ArchiveOldRecords,Maintenance,Succeeded,459,0,Job completed successfully
2026-07-25,15:55:00,2026-07-25 15:55:00.975489,5,ValidateDataIntegrity,Health,Failed,84,1,Error: timeout or data validation failure
2026-07-25,19:04:00,2026-07-25 19:04:00.975489,6,ExportDailyMetrics,ETL,Succeeded,488,0,Job completed successfully
2026-07-25,19:52:00,2026-07-25 19:52:00.975489,3,SyncReports,ETL,Succeeded,499,0,Job completed successfully
2026-07-25,22:20:00,2026-07-25 22:20:00.975489,4,ArchiveOldRecords,Maintenance,Succeeded,211,0,Job completed successfully
2026-07-25,22:28:00,2026-07-25 22:28:00.975489,8,IndexMaintenance,Maintenance,Succeeded,355,0,Job completed successfully
2026-07-25,22:33:00,2026-07-25 22:33:00.975489,2,UpdateStatistics,Maintenance,Succeeded,281,0,Job completed successfully
2026-07-25,22:58:00,2026-07-25 22:58:00.975489,1,BackupDB_Production,Maintenance,Succeeded,586,0,Job completed successfully
2026-07-26,00:06:00,2026-07-26 00:06:00.975489,7,CacheRefresh,Optimization,Succeeded,501,0,Job completed successfully
2026-07-26,01:30:00,2026-07-26 01:30:00.975489,3,SyncReports,ETL,Failed,37,0,Error: timeout or data validation failure
2026-07-26,01:55:00,2026-07-26 01:55:00.975489,6,ExportDailyMetrics,ETL,Succeeded,90,0,Job completed successfully
2026-07-26,02:08:00,2026-07-26 02:08:00.975489,1,BackupDB_Production,Maintenance,Succeeded,591,0,Job completed successfully
2026-07-26,02:19:00,2026-07-26 02:19:00.975489,4,ArchiveOldRecords,Maintenance,Succeeded,81,0,Job completed successfully
2026-07-26,02:39:00,2026-07-26 02:39:00.975489,2,UpdateStatistics,Maintenance,Succeeded,254,0,Job completed successfully
2026-07-26,02:49:00,2026-07-26 02:49:00.975489,8,IndexMaintenance,Maintenance,Succeeded,166,0,Job completed successfully
2026-07-26,03:22:00,2026-07-26 03:22:00.975489,5,ValidateDataIntegrity,Health,Succeeded,37,0,Job completed successfully
2026-07-26,06:33:00,2026-07-26 06:33:00.975489,8,IndexMaintenance,Maintenance,Succeeded,146,0,Job completed successfully
2026-07-26,06:38:00,2026-07-26 06:38:00.975489,1,BackupDB_Production,Maintenance,Succeeded,567,0,Job completed successfully
2026-07-26,06:47:00,2026-07-26 06:47:00.975489,2,UpdateStatistics,Maintenance,Succeeded,31,0,Job completed successfully
2026-07-26,06:55:00,2026-07-26 06:55:00.975489,4,ArchiveOldRecords,Maintenance,Succeeded,393,0,Job completed successfully
2026-07-26,07:06:00,2026-07-26 07:06:00.975489,6,ExportDailyMetrics,ETL,Succeeded,352,0,Job completed successfully
2026-07-26,07:49:00,2026-07-26 07:49:00.975489,3,SyncReports,ETL,Succeeded,432,0,Job completed successfully
2026-07-26,12:54:00,2026-07-26 12:54:00.975489,7,CacheRefresh,Optimization,Succeeded,283,0,Job completed successfully
2026-07-26,13:08:00,2026-07-26 13:08:00.975489,6,ExportDailyMetrics,ETL,Succeeded,116,0,Job completed successfully
2026-07-26,13:09:00,2026-07-26 13:09:00.975489,3,SyncReports,ETL,Succeeded,86,0,Job completed successfully
2026-07-26,14:21:00,2026-07-26 14:21:00.975489,8,IndexMaintenance,Maintenance,Failed,13,2,Error: timeout or data validation failure
2026-07-26,14:32:00,2026-07-26 14:32:00.975489,1,BackupDB_Production,Maintenance,Succeeded,199,0,Job completed successfully
2026-07-26,14:44:00,2026-07-26 14:44:00.975489,4,ArchiveOldRecords,Maintenance,Failed,23,1,Error: timeout or data validation failure
2026-07-26,14:44:00,2026-07-26 14:44:00.975489,2,UpdateStatistics,Maintenance,Succeeded,93,0,Job completed successfully
2026-07-26,15:34:00,2026-07-26 15:34:00.975489,5,ValidateDataIntegrity,Health,Succeeded,235,0,Job completed successfully
2026-07-26,19:11:00,2026-07-26 19:11:00.975489,6,ExportDailyMetrics,ETL,Succeeded,69,0,Job completed successfully
2026-07-26,19:39:00,2026-07-26 19:39:00.975489,3,SyncReports,ETL,Succeeded,507,0,Job completed successfully
2026-07-26,22:09:00,2026-07-26 22:09:00.975489,8,IndexMaintenance,Maintenance,Succeeded,119,0,Job completed successfully
2026-07-26,22:18:00,2026-07-26 22:18:00.975489,2,UpdateStatistics,Maintenance,Succeeded,94,0,Job completed successfully
2026-07-26,22:34:00,2026-07-26 22:34:00.975489,1,BackupDB_Production,Maintenance,Succeeded,478,0,Job completed successfully
2026-07-26,22:54:00,2026-07-26 22:54:00.975489,4,ArchiveOldRecords,Maintenance,Succeeded,498,0,Job completed successfully
2026-07-27,00:18:00,2026-07-27 00:18:00.975489,7,CacheRefresh,Optimization,Succeeded,278,0,Job completed successfully
2026-07-27,01:18:00,2026-07-27 01:18:00.975489,6,ExportDailyMetrics,ETL,Succeeded,137,0,Job completed successfully
2026-07-27,01:50:00,2026-07-27 01:50:00.975489,3,SyncReports,ETL,Succeeded,208,0,Job completed successfully
2026-07-27,02:02:00,2026-07-27 02:02:00.975489,4,ArchiveOldRecords,Maintenance,Succeeded,592,0,Job completed successfully
2026-07-27,02:26:00,2026-07-27 02:26:00.975489,8,IndexMaintenance,Maintenance,Succeeded,131,0,Job completed successfully
2026-07-27,02:44:00,2026-07-27 02:44:00.975489,2,UpdateStatistics,Maintenance,Succeeded,296,0,Job completed successfully
2026-07-27,02:58:00,2026-07-27 02:58:00.975489,1,BackupDB_Production,Maintenance,Succeeded,289,0,Job completed successfully
2026-07-27,03:53:00,2026-07-27 03:53:00.975489,5,ValidateDataIntegrity,Health,Failed,48,0,Error: timeout or data validation failure
2026-07-27,06:06:00,2026-07-27 06:06:00.975489,1,BackupDB_Production,Maintenance,Succeeded,33,0,Job completed successfully
2026-07-27,06:12:00,2026-07-27 06:12:00.975489,4,ArchiveOldRecords,Maintenance,Succeeded,237,0,Job completed successfully
2026-07-27,06:21:00,2026-07-27 06:21:00.975489,8,IndexMaintenance,Maintenance,Failed,61,1,Error: timeout or data validation failure
2026-07-27,06:35:00,2026-07-27 06:35:00.975489,2,UpdateStatistics,Maintenance,Succeeded,461,0,Job completed successfully
2026-07-27,07:08:00,2026-07-27 07:08:00.975489,6,ExportDailyMetrics,ETL,Succeeded,91,0,Job completed successfully
2026-07-27,07:22:00,2026-07-27 07:22:00.975489,3,SyncReports,ETL,Succeeded,513,0,Job completed successfully
2026-07-27,12:06:00,2026-07-27 12:06:00.975489,7,CacheRefresh,Optimization,Succeeded,195,0,Job completed successfully
2026-07-27,13:03:00,2026-07-27 13:03:00.975489,6,ExportDailyMetrics,ETL,Succeeded,227,0,Job completed successfully
2026-07-27,13:41:00,2026-07-27 13:41:00.975489,3,SyncReports,ETL,Succeeded,232,0,Job completed successfully
2026-07-27,14:01:00,2026-07-27 14:01:00.975489,2,UpdateStatistics,Maintenance,Succeeded,74,0,Job completed successfully
2026-07-27,14:15:00,2026-07-27 14:15:00.975489,8,IndexMaintenance,Maintenance,Succeeded,322,0,Job completed successfully
2026-07-27,14:41:00,2026-07-27 14:41:00.975489,1,BackupDB_Production,Maintenance,Succeeded,371,0,Job completed successfully
2026-07-27,14:48:00,2026-07-27 14:48:00.975489,4,ArchiveOldRecords,Maintenance,Failed,80,0,Error: timeout or data validation failure
2026-07-27,15:07:00,2026-07-27 15:07:00.975489,5,ValidateDataIntegrity,Health,Succeeded,70,0,Job completed successfully
2026-07-27,19:35:00,2026-07-27 19:35:00.975489,6,ExportDailyMetrics,ETL,Succeeded,250,0,Job completed successfully
2026-07-27,19:53:00,2026-07-27 19:53:00.975489,3,SyncReports,ETL,Succeeded,467,0,Job completed successfully
2026-07-27,22:26:00,2026-07-27 22:26:00.975489,8,IndexMaintenance,Maintenance,Failed,109,0,Error: timeout or data validation failure
2026-07-27,22:33:00,2026-07-27 22:33:00.975489,4,ArchiveOldRecords,Maintenance,Succeeded,54,0,Job completed successfully
2026-07-27,22:36:00,2026-07-27 22:36:00.975489,1,BackupDB_Production,Maintenance,Succeeded,500,0,Job completed successfully
2026-07-27,22:50:00,2026-07-27 22:50:00.975489,2,UpdateStatistics,Maintenance,Succeeded,594,0,Job completed successfully
2026-07-28,00:56:00,2026-07-28 00:56:00.975489,7,CacheRefresh,Optimization,Succeeded,508,0,Job completed successfully
2026-07-28,01:05:00,2026-07-28 01:05:00.975489,3,SyncReports,ETL,Succeeded,209,0,Job completed successfully
2026-07-28,01:54:00,2026-07-28 01:54:00.975489,6,ExportDailyMetrics,ETL,Succeeded,537,0,Job completed successfully
2026-07-28,02:21:00,2026-07-28 02:21:00.975489,2,UpdateStatistics,Maintenance,Succeeded,333,0,Job completed successfully
2026-07-28,02:42:00,2026-07-28 02:42:00.975489,8,IndexMaintenance,Maintenance,Succeeded,358,0,Job completed successfully
2026-07-28,02:43:00,2026-07-28 02:43:00.975489,4,ArchiveOldRecords,Maintenance,Succeeded,273,0,Job completed successfully
2026-07-28,02:49:00,2026-07-28 02:49:00.975489,1,BackupDB_Production,Maintenance,Failed,47,2,Error: timeout or data validation failure
2026-07-28,03:18:00,2026-07-28 03:18:00.975489,5,ValidateDataIntegrity,Health,Succeeded,124,0,Job completed successfully
2026-07-28,06:15:00,2026-07-28 06:15:00.975489,1,BackupDB_Production,Maintenance,Succeeded,195,0,Job completed successfully
2026-07-28,06:39:00,2026-07-28 06:39:00.975489,8,IndexMaintenance,Maintenance,Succeeded,465,0,Job completed successfully
2026-07-28,06:46:00,2026-07-28 06:46:00.975489,4,ArchiveOldRecords,Maintenance,Failed,37,0,Error: timeout or data validation failure
2026-07-28,06:48:00,2026-07-28 06:48:00.975489,2,UpdateStatistics,Maintenance,Succeeded,163,0,Job completed successfully
2026-07-28,07:22:00,2026-07-28 07:22:00.975489,6,ExportDailyMetrics,ETL,Succeeded,73,0,Job completed successfully
2026-07-28,07:34:00,2026-07-28 07:34:00.975489,3,SyncReports,ETL,Succeeded,166,0,Job completed successfully
2026-07-28,12:29:00,2026-07-28 12:29:00.975489,7,CacheRefresh,Optimization,Failed,91,0,Error: timeout or data validation failure
2026-07-28,13:19:00,2026-07-28 13:19:00.975489,3,SyncReports,ETL,Succeeded,121,0,Job completed successfully
2026-07-28,13:27:00,2026-07-28 13:27:00.975489,6,ExportDailyMetrics,ETL,Succeeded,344,0,Job completed successfully
2026-07-28,14:03:00,2026-07-28 14:03:00.975489,2,UpdateStatistics,Maintenance,Succeeded,299,0,Job completed successfully
2026-07-28,14:21:00,2026-07-28 14:21:00.975489,4,ArchiveOldRecords,Maintenance,Succeeded,324,0,Job completed successfully
2026-07-28,14:21:00,2026-07-28 14:21:00.975489,1,BackupDB_Production,Maintenance,Succeeded,491,0,Job completed successfully
2026-07-28,14:59:00,2026-07-28 14:59:00.975489,8,IndexMaintenance,Maintenance,Succeeded,571,0,Job completed successfully
2026-07-28,15:21:00,2026-07-28 15:21:00.975489,5,ValidateDataIntegrity,Health,Succeeded,590,0,Job completed successfully
2026-07-28,19:15:00,2026-07-28 19:15:00.975489,6,ExportDailyMetrics,ETL,Succeeded,293,0,Job completed successfully
2026-07-28,19:23:00,2026-07-28 19:23:00.975489,3,SyncReports,ETL,Succeeded,468,0,Job completed successfully
2026-07-28,22:18:00,2026-07-28 22:18:00.975489,4,ArchiveOldRecords,Maintenance,Succeeded,465,0,Job completed successfully
2026-07-28,22:22:00,2026-07-28 22:22:00.975489,1,BackupDB_Production,Maintenance,Succeeded,140,0,Job completed successfully
2026-07-28,22:32:00,2026-07-28 22:32:00.975489,8,IndexMaintenance,Maintenance,Succeeded,131,0,Job completed successfully
2026-07-28,22:40:00,2026-07-28 22:40:00.975489,2,UpdateStatistics,Maintenance,Succeeded,401,0,Job completed successfully
2026-07-29,00:45:00,2026-07-29 00:45:00.975489,7,CacheRefresh,Optimization,Succeeded,45,0,Job completed successfully
2026-07-29,01:43:00,2026-07-29 01:43:00.975489,6,ExportDailyMetrics,ETL,Succeeded,127,0,Job completed successfully
2026-07-29,01:43:00,2026-07-29 01:43:00.975489,3,SyncReports,ETL,Succeeded,99,0,Job completed successfully
2026-07-29,02:07:00,2026-07-29 02:07:00.975489,1,BackupDB_Production,Maintenance,Succeeded,253,0,Job completed successfully
2026-07-29,02:51:00,2026-07-29 02:51:00.975489,8,IndexMaintenance,Maintenance,Succeeded,52,0,Job completed successfully
2026-07-29,02:52:00,2026-07-29 02:52:00.975489,4,ArchiveOldRecords,Maintenance,Succeeded,434,0,Job completed successfully
2026-07-29,02:53:00,2026-07-29 02:53:00.975489,2,UpdateStatistics,Maintenance,Succeeded,58,0,Job completed successfully
2026-07-29,03:05:00,2026-07-29 03:05:00.975489,5,ValidateDataIntegrity,Health,Succeeded,62,0,Job completed successfully
2026-07-29,06:17:00,2026-07-29 06:17:00.975489,1,BackupDB_Production,Maintenance,Succeeded,187,0,Job completed successfully
2026-07-29,06:28:00,2026-07-29 06:28:00.975489,2,UpdateStatistics,Maintenance,Failed,80,1,Error: timeout or data validation failure
2026-07-29,06:31:00,2026-07-29 06:31:00.975489,4,ArchiveOldRecords,Maintenance,Succeeded,199,0,Job completed successfully
2026-07-29,06:52:00,2026-07-29 06:52:00.975489,8,IndexMaintenance,Maintenance,Succeeded,170,0,Job completed successfully
2026-07-29,07:46:00,2026-07-29 07:46:00.975489,6,ExportDailyMetrics,ETL,Succeeded,399,0,Job completed successfully
2026-07-29,07:53:00,2026-07-29 07:53:00.975489,3,SyncReports,ETL,Succeeded,561,0,Job completed successfully
2026-07-29,12:32:00,2026-07-29 12:32:00.975489,7,CacheRefresh,Optimization,Succeeded,33,0,Job completed successfully
2026-07-29,13:42:00,2026-07-29 13:42:00.975489,6,ExportDailyMetrics,ETL,Succeeded,210,0,Job completed successfully
2026-07-29,13:55:00,2026-07-29 13:55:00.975489,3,SyncReports,ETL,Succeeded,159,0,Job completed successfully
2026-07-29,14:42:00,2026-07-29 14:42:00.975489,2,UpdateStatistics,Maintenance,Succeeded,362,0,Job completed successfully
2026-07-29,14:47:00,2026-07-29 14:47:00.975489,8,IndexMaintenance,Maintenance,Succeeded,310,0,Job completed successfully
2026-07-29,14:58:00,2026-07-29 14:58:00.975489,1,BackupDB_Production,Maintenance,Succeeded,380,0,Job completed successfully
2026-07-29,14:59:00,2026-07-29 14:59:00.975489,4,ArchiveOldRecords,Maintenance,Succeeded,567,0,Job completed successfully
2026-07-29,15:46:00,2026-07-29 15:46:00.975489,5,ValidateDataIntegrity,Health,Succeeded,226,0,Job completed successfully
2026-07-29,19:07:00,2026-07-29 19:07:00.975489,6,ExportDailyMetrics,ETL,Succeeded,59,0,Job completed successfully
2026-07-29,19:11:00,2026-07-29 19:11:00.975489,3,SyncReports,ETL,Succeeded,516,0,Job completed successfully
2026-07-29,22:00:00,2026-07-29 22:00:00.975489,2,UpdateStatistics,Maintenance,Succeeded,361,0,Job completed successfully
2026-07-29,22:22:00,2026-07-29 22:22:00.975489,4,ArchiveOldRecords,Maintenance,Succeeded,443,0,Job completed successfully
2026-07-29,22:41:00,2026-07-29 22:41:00.975489,8,IndexMaintenance,Maintenance,Succeeded,542,0,Job completed successfully
2026-07-29,22:48:00,2026-07-29 22:48:00.975489,1,BackupDB_Production,Maintenance,Succeeded,576,0,Job completed successfully
2026-07-30,00:39:00,2026-07-30 00:39:00.975489,7,CacheRefresh,Optimization,Succeeded,488,0,Job completed successfully
2026-07-30,01:11:00,2026-07-30 01:11:00.975489,3,SyncReports,ETL,Succeeded,135,0,Job completed successfully
2026-07-30,01:28:00,2026-07-30 01:28:00.975489,6,ExportDailyMetrics,ETL,Succeeded,527,0,Job completed successfully
2026-07-30,02:02:00,2026-07-30 02:02:00.975489,2,UpdateStatistics,Maintenance,Succeeded,526,0,Job completed successfully
2026-07-30,02:08:00,2026-07-30 02:08:00.975489,1,BackupDB_Production,Maintenance,Succeeded,30,0,Job completed successfully
2026-07-30,02:23:00,2026-07-30 02:23:00.975489,8,IndexMaintenance,Maintenance,Failed,112,1,Error: timeout or data validation failure
2026-07-30,02:40:00,2026-07-30 02:40:00.975489,4,ArchiveOldRecords,Maintenance,Succeeded,478,0,Job completed successfully
2026-07-30,03:35:00,2026-07-30 03:35:00.975489,5,ValidateDataIntegrity,Health,Succeeded,274,0,Job completed successfully
2026-07-30,06:00:00,2026-07-30 06:00:00.975489,4,ArchiveOldRecords,Maintenance,Succeeded,304,0,Job completed successfully
2026-07-30,06:23:00,2026-07-30 06:23:00.975489,1,BackupDB_Production,Maintenance,Succeeded,282,0,Job completed successfully
2026-07-30,06:36:00,2026-07-30 06:36:00.975489,8,IndexMaintenance,Maintenance,Succeeded,110,0,Job completed successfully
2026-07-30,06:51:00,2026-07-30 06:51:00.975489,2,UpdateStatistics,Maintenance,Succeeded,404,0,Job completed successfully
2026-07-30,07:29:00,2026-07-30 07:29:00.975489,3,SyncReports,ETL,Succeeded,168,0,Job completed successfully
2026-07-30,07:51:00,2026-07-30 07:51:00.975489,6,ExportDailyMetrics,ETL,Succeeded,549,0,Job completed successfully
2026-07-30,12:02:00,2026-07-30 12:02:00.975489,7,CacheRefresh,Optimization,Failed,47,1,Error: timeout or data validation failure
2026-07-30,13:33:00,2026-07-30 13:33:00.975489,6,ExportDailyMetrics,ETL,Failed,100,0,Error: timeout or data validation failure
2026-07-30,13:38:00,2026-07-30 13:38:00.975489,3,SyncReports,ETL,Succeeded,170,0,Job completed successfully
2026-07-30,14:23:00,2026-07-30 14:23:00.975489,1,BackupDB_Production,Maintenance,Failed,37,0,Error: timeout or data validation failure
2026-07-30,14:26:00,2026-07-30 14:26:00.975489,2,UpdateStatistics,Maintenance,Failed,17,1,Error: timeout or data validation failure
2026-07-30,14:30:00,2026-07-30 14:30:00.975489,8,IndexMaintenance,Maintenance,Failed,66,0,Error: timeout or data validation failure
2026-07-30,14:34:00,2026-07-30 14:34:00.975489,4,ArchiveOldRecords,Maintenance,Succeeded,262,0,Job completed successfully
2026-07-30,15:55:00,2026-07-30 15:55:00.975489,5,ValidateDataIntegrity,Health,Succeeded,460,0,Job completed successfully
2026-07-30,19:40:00,2026-07-30 19:40:00.975489,6,ExportDailyMetrics,ETL,Succeeded,459,0,Job completed successfully
2026-07-30,19:55:00,2026-07-30 19:55:00.975489,3,SyncReports,ETL,Succeeded,313,0,Job completed successfully
2026-07-30,22:03:00,2026-07-30 22:03:00.975489,4,ArchiveOldRecords,Maintenance,Succeeded,592,0,Job completed successfully
2026-07-30,22:04:00,2026-07-30 22:04:00.975489,8,IndexMaintenance,Maintenance,Succeeded,51,0,Job completed successfully
2026-07-30,22:18:00,2026-07-30 22:18:00.975489,2,UpdateStatistics,Maintenance,Succeeded,266,0,Job completed successfully
2026-07-30,22:22:00,2026-07-30 22:22:00.975489,1,BackupDB_Production,Maintenance,Succeeded,70,0,Job completed successfully
2026-07-31,00:22:00,2026-07-31 00:22:00.975489,7,CacheRefresh,Optimization,Succeeded,65,0,Job completed successfully
2026-07-31,01:01:00,2026-07-31 01:01:00.975489,6,ExportDailyMetrics,ETL,Succeeded,160,0,Job completed successfully
2026-07-31,01:56:00,2026-07-31 01:56:00.975489,3,SyncReports,ETL,Succeeded,376,0,Job completed successfully
2026-07-31,02:01:00,2026-07-31 02:01:00.975489,4,ArchiveOldRecords,Maintenance,Succeeded,544,0,Job completed successfully
2026-07-31,02:25:00,2026-07-31 02:25:00.975489,1,BackupDB_Production,Maintenance,Failed,72,2,Error: timeout or data validation failure
2026-07-31,02:39:00,2026-07-31 02:39:00.975489,8,IndexMaintenance,Maintenance,Succeeded,589,0,Job completed successfully
2026-07-31,02:55:00,2026-07-31 02:55:00.975489,2,UpdateStatistics,Maintenance,Succeeded,82,0,Job completed successfully
2026-07-31,03:35:00,2026-07-31 03:35:00.975489,5,ValidateDataIntegrity,Health,Succeeded,581,0,Job completed successfully
2026-07-31,06:21:00,2026-07-31 06:21:00.975489,2,UpdateStatistics,Maintenance,Succeeded,288,0,Job completed successfully
2026-07-31,06:28:00,2026-07-31 06:28:00.975489,4,ArchiveOldRecords,Maintenance,Succeeded,552,0,Job completed successfully
2026-07-31,06:45:00,2026-07-31 06:45:00.975489,1,BackupDB_Production,Maintenance,Succeeded,521,0,Job completed successfully
2026-07-31,06:58:00,2026-07-31 06:58:00.975489,8,IndexMaintenance,Maintenance,Succeeded,90,0,Job completed successfully
2026-07-31,07:19:00,2026-07-31 07:19:00.975489,6,ExportDailyMetrics,ETL,Succeeded,588,0,Job completed successfully
2026-07-31,07:48:00,2026-07-31 07:48:00.975489,3,SyncReports,ETL,Succeeded,35,0,Job completed successfully
2026-07-31,12:29:00,2026-07-31 12:29:00.975489,7,CacheRefresh,Optimization,Succeeded,320,0,Job completed successfully
2026-07-31,13:36:00,2026-07-31 13:36:00.975489,6,ExportDailyMetrics,ETL,Succeeded,423,0,Job completed successfully
2026-07-31,13:55:00,2026-07-31 13:55:00.975489,3,SyncReports,ETL,Succeeded,116,0,Job completed successfully
2026-07-31,14:02:00,2026-07-31 14:02:00.975489,2,UpdateStatistics,Maintenance,Succeeded,396,0,Job completed successfully
2026-07-31,14:07:00,2026-07-31 14:07:00.975489,1,BackupDB_Production,Maintenance,Succeeded,64,0,Job completed successfully
2026-07-31,14:35:00,2026-07-31 14:35:00.975489,8,IndexMaintenance,Maintenance,Succeeded,241,0,Job completed successfully
2026-07-31,14:37:00,2026-07-31 14:37:00.975489,4,ArchiveOldRecords,Maintenance,Succeeded,456,0,Job completed successfully
2026-07-31,15:20:00,2026-07-31 15:20:00.975489,5,ValidateDataIntegrity,Health,Succeeded,391,0,Job completed successfully
2026-07-31,19:28:00,2026-07-31 19:28:00.975489,6,ExportDailyMetrics,ETL,Failed,120,0,Error: timeout or data validation failure
2026-07-31,19:33:00,2026-07-31 19:33:00.975489,3,SyncReports,ETL,Succeeded,161,0,Job completed successfully
2026-07-31,22:19:00,2026-07-31 22:19:00.975489,4,ArchiveOldRecords,Maintenance,Succeeded,451,0,Job completed successfully
2026-07-31,22:33:00,2026-07-31 22:33:00.975489,2,UpdateStatistics,Maintenance,Succeeded,118,0,Job completed successfully
2026-07-31,22:40:00,2026-07-31 22:40:00.975489,8,IndexMaintenance,Maintenance,Succeeded,260,0,Job completed successfully
2026-07-31,22:45:00,2026-07-31 22:45:00.975489,1,BackupDB_Production,Maintenance,Succeeded,452,0,Job completed successfully
2026-08-01,00:24:00,2026-08-01 00:24:00.975489,7,CacheRefresh,Optimization,Failed,105,1,Error: timeout or data validation failure
2026-08-01,01:23:00,2026-08-01 01:23:00.975489,6,ExportDailyMetrics,ETL,Succeeded,376,0,Job completed successfully
2026-08-01,01:34:00,2026-08-01 01:34:00.975489,3,SyncReports,ETL,Succeeded,328,0,Job completed successfully
2026-08-01,02:38:00,2026-08-01 02:38:00.975489,8,IndexMaintenance,Maintenance,Succeeded,481,0,Job completed successfully
2026-08-01,02:43:00,2026-08-01 02:43:00.975489,2,UpdateStatistics,Maintenance,Succeeded,229,0,Job completed successfully
2026-08-01,02:51:00,2026-08-01 02:51:00.975489,1,BackupDB_Production,Maintenance,Succeeded,172,0,Job completed successfully
2026-08-01,02:56:00,2026-08-01 02:56:00.975489,4,ArchiveOldRecords,Maintenance,Succeeded,503,0,Job completed successfully
2026-08-01,03:31:00,2026-08-01 03:31:00.975489,5,ValidateDataIntegrity,Health,Succeeded,226,0,Job completed successfully
2026-08-01,06:18:00,2026-08-01 06:18:00.975489,2,UpdateStatistics,Maintenance,Succeeded,165,0,Job completed successfully
2026-08-01,06:29:00,2026-08-01 06:29:00.975489,4,ArchiveOldRecords,Maintenance,Failed,102,2,Error: timeout or data validation failure
2026-08-01,06:53:00,2026-08-01 06:53:00.975489,1,BackupDB_Production,Maintenance,Succeeded,540,0,Job completed successfully
2026-08-01,06:54:00,2026-08-01 06:54:00.975489,8,IndexMaintenance,Maintenance,Succeeded,100,0,Job completed successfully
2026-08-01,07:02:00,2026-08-01 07:02:00.975489,3,SyncReports,ETL,Succeeded,346,0,Job completed successfully
2026-08-01,07:34:00,2026-08-01 07:34:00.975489,6,ExportDailyMetrics,ETL,Succeeded,224,0,Job completed successfully
2026-08-01,12:28:00,2026-08-01 12:28:00.975489,7,CacheRefresh,Optimization,Failed,70,1,Error: timeout or data validation failure
2026-08-01,13:20:00,2026-08-01 13:20:00.975489,3,SyncReports,ETL,Succeeded,420,0,Job completed successfully
2026-08-01,13:36:00,2026-08-01 13:36:00.975489,6,ExportDailyMetrics,ETL,Succeeded,389,0,Job completed successfully
2026-08-01,14:29:00,2026-08-01 14:29:00.975489,4,ArchiveOldRecords,Maintenance,Succeeded,66,0,Job completed successfully
2026-08-01,14:46:00,2026-08-01 14:46:00.975489,2,UpdateStatistics,Maintenance,Succeeded,449,0,Job completed successfully
2026-08-01,14:51:00,2026-08-01 14:51:00.975489,1,BackupDB_Production,Maintenance,Succeeded,528,0,Job completed successfully
2026-08-01,14:52:00,2026-08-01 14:52:00.975489,8,IndexMaintenance,Maintenance,Succeeded,126,0,Job completed successfully
2026-08-01,15:42:00,2026-08-01 15:42:00.975489,5,ValidateDataIntegrity,Health,Succeeded,351,0,Job completed successfully
2026-08-01,19:05:00,2026-08-01 19:05:00.975489,6,ExportDailyMetrics,ETL,Succeeded,42,0,Job completed successfully
2026-08-01,19:35:00,2026-08-01 19:35:00.975489,3,SyncReports,ETL,Succeeded,371,0,Job completed successfully
2026-08-01,22:07:00,2026-08-01 22:07:00.975489,2,UpdateStatistics,Maintenance,Succeeded,388,0,Job completed successfully
2026-08-01,22:33:00,2026-08-01 22:33:00.975489,8,IndexMaintenance,Maintenance,Succeeded,212,0,Job completed successfully
2026-08-01,22:43:00,2026-08-01 22:43:00.975489,1,BackupDB_Production,Maintenance,Failed,5,1,Error: timeout or data validation failure
2026-08-01,22:44:00,2026-08-01 22:44:00.975489,4,ArchiveOldRecords,Maintenance,Succeeded,580,0,Job completed successfully
2026-08-02,00:19:00,2026-08-02 00:19:00.975489,7,CacheRefresh,Optimization,Succeeded,39,0,Job completed successfully
2026-08-02,01:04:00,2026-08-02 01:04:00.975489,6,ExportDailyMetrics,ETL,Succeeded,201,0,Job completed successfully
2026-08-02,01:53:00,2026-08-02 01:53:00.975489,3,SyncReports,ETL,Succeeded,494,0,Job completed successfully
2026-08-02,02:08:00,2026-08-02 02:08:00.975489,2,UpdateStatistics,Maintenance,Succeeded,597,0,Job completed successfully
2026-08-02,02:28:00,2026-08-02 02:28:00.975489,1,BackupDB_Production,Maintenance,Succeeded,100,0,Job completed successfully
2026-08-02,02:28:00,2026-08-02 02:28:00.975489,4,ArchiveOldRecords,Maintenance,Succeeded,73,0,Job completed successfully
2026-08-02,02:57:00,2026-08-02 02:57:00.975489,8,IndexMaintenance,Maintenance,Succeeded,265,0,Job completed successfully
2026-08-02,03:52:00,2026-08-02 03:52:00.975489,5,ValidateDataIntegrity,Health,Succeeded,564,0,Job completed successfully
2026-08-02,06:01:00,2026-08-02 06:01:00.975489,8,IndexMaintenance,Maintenance,Succeeded,476,0,Job completed successfully
2026-08-02,06:26:00,2026-08-02 06:26:00.975489,2,UpdateStatistics,Maintenance,Succeeded,226,0,Job completed successfully
2026-08-02,06:39:00,2026-08-02 06:39:00.975489,1,BackupDB_Production,Maintenance,Failed,117,0,Error: timeout or data validation failure
2026-08-02,06:40:00,2026-08-02 06:40:00.975489,4,ArchiveOldRecords,Maintenance,Succeeded,77,0,Job completed successfully
2026-08-02,07:53:00,2026-08-02 07:53:00.975489,3,SyncReports,ETL,Succeeded,515,0,Job completed successfully
2026-08-02,07:54:00,2026-08-02 07:54:00.975489,6,ExportDailyMetrics,ETL,Succeeded,294,0,Job completed successfully
2026-08-02,12:12:00,2026-08-02 12:12:00.975489,7,CacheRefresh,Optimization,Succeeded,451,0,Job completed successfully
2026-08-02,13:20:00,2026-08-02 13:20:00.975489,6,ExportDailyMetrics,ETL,Succeeded,139,0,Job completed successfully
2026-08-02,13:59:00,2026-08-02 13:59:00.975489,3,SyncReports,ETL,Succeeded,189,0,Job completed successfully
2026-08-02,14:04:00,2026-08-02 14:04:00.975489,1,BackupDB_Production,Maintenance,Succeeded,362,0,Job completed successfully
2026-08-02,14:29:00,2026-08-02 14:29:00.975489,8,IndexMaintenance,Maintenance,Succeeded,557,0,Job completed successfully
2026-08-02,14:37:00,2026-08-02 14:37:00.975489,2,UpdateStatistics,Maintenance,Succeeded,467,0,Job completed successfully
2026-08-02,14:51:00,2026-08-02 14:51:00.975489,4,ArchiveOldRecords,Maintenance,Succeeded,430,0,Job completed successfully
2026-08-02,15:39:00,2026-08-02 15:39:00.975489,5,ValidateDataIntegrity,Health,Succeeded,233,0,Job completed successfully
2026-08-02,19:20:00,2026-08-02 19:20:00.975489,3,SyncReports,ETL,Succeeded,88,0,Job completed successfully
2026-08-02,19:42:00,2026-08-02 19:42:00.975489,6,ExportDailyMetrics,ETL,Failed,37,0,Error: timeout or data validation failure
2026-08-02,22:02:00,2026-08-02 22:02:00.975489,4,ArchiveOldRecords,Maintenance,Succeeded,100,0,Job completed successfully
2026-08-02,22:15:00,2026-08-02 22:15:00.975489,8,IndexMaintenance,Maintenance,Succeeded,161,0,Job completed successfully
2026-08-02,22:31:00,2026-08-02 22:31:00.975489,2,UpdateStatistics,Maintenance,Failed,107,0,Error: timeout or data validation failure
2026-08-02,22:48:00,2026-08-02 22:48:00.975489,1,BackupDB_Production,Maintenance,Succeeded,169,0,Job completed successfully
2026-08-03,00:24:00,2026-08-03 00:24:00.975489,7,CacheRefresh,Optimization,Succeeded,419,0,Job completed successfully
2026-08-03,01:05:00,2026-08-03 01:05:00.975489,6,ExportDailyMetrics,ETL,Succeeded,51,0,Job completed successfully
2026-08-03,01:42:00,2026-08-03 01:42:00.975489,3,SyncReports,ETL,Succeeded,311,0,Job completed successfully
2026-08-03,02:08:00,2026-08-03 02:08:00.975489,8,IndexMaintenance,Maintenance,Succeeded,177,0,Job completed successfully
2026-08-03,02:18:00,2026-08-03 02:18:00.975489,2,UpdateStatistics,Maintenance,Succeeded,396,0,Job completed successfully
2026-08-03,02:26:00,2026-08-03 02:26:00.975489,4,ArchiveOldRecords,Maintenance,Succeeded,496,0,Job completed successfully
2026-08-03,02:28:00,2026-08-03 02:28:00.975489,1,BackupDB_Production,Maintenance,Succeeded,598,0,Job completed successfully
2026-08-03,03:58:00,2026-08-03 03:58:00.975489,5,ValidateDataIntegrity,Health,Succeeded,568,0,Job completed successfully
2026-08-03,06:07:00,2026-08-03 06:07:00.975489,2,UpdateStatistics,Maintenance,Succeeded,282,0,Job completed successfully
2026-08-03,06:12:00,2026-08-03 06:12:00.975489,4,ArchiveOldRecords,Maintenance,Succeeded,484,0,Job completed successfully
2026-08-03,06:36:00,2026-08-03 06:36:00.975489,8,IndexMaintenance,Maintenance,Succeeded,42,0,Job completed successfully
2026-08-03,06:41:00,2026-08-03 06:41:00.975489,1,BackupDB_Production,Maintenance,Succeeded,348,0,Job completed successfully
2026-08-03,07:03:00,2026-08-03 07:03:00.975489,6,ExportDailyMetrics,ETL,Succeeded,37,0,Job completed successfully
2026-08-03,07:36:00,2026-08-03 07:36:00.975489,3,SyncReports,ETL,Succeeded,378,0,Job completed successfully
2026-08-03,12:59:00,2026-08-03 12:59:00.975489,7,CacheRefresh,Optimization,Succeeded,45,0,Job completed successfully
2026-08-03,13:25:00,2026-08-03 13:25:00.975489,6,ExportDailyMetrics,ETL,Succeeded,526,0,Job completed successfully
2026-08-03,13:44:00,2026-08-03 13:44:00.975489,3,SyncReports,ETL,Succeeded,103,0,Job completed successfully
2026-08-03,14:05:00,2026-08-03 14:05:00.975489,8,IndexMaintenance,Maintenance,Succeeded,66,0,Job completed successfully
2026-08-03,14:27:00,2026-08-03 14:27:00.975489,2,UpdateStatistics,Maintenance,Succeeded,368,0,Job completed successfully
2026-08-03,14:30:00,2026-08-03 14:30:00.975489,4,ArchiveOldRecords,Maintenance,Succeeded,410,0,Job completed successfully
2026-08-03,14:54:00,2026-08-03 14:54:00.975489,1,BackupDB_Production,Maintenance,Succeeded,577,0,Job completed successfully
2026-08-03,15:43:00,2026-08-03 15:43:00.975489,5,ValidateDataIntegrity,Health,Succeeded,104,0,Job completed successfully
2026-08-03,19:08:00,2026-08-03 19:08:00.975489,6,ExportDailyMetrics,ETL,Succeeded,219,0,Job completed successfully
2026-08-03,19:11:00,2026-08-03 19:11:00.975489,3,SyncReports,ETL,Succeeded,181,0,Job completed successfully
2026-08-03,22:12:00,2026-08-03 22:12:00.975489,8,IndexMaintenance,Maintenance,Succeeded,581,0,Job completed successfully
2026-08-03,22:15:00,2026-08-03 22:15:00.975489,1,BackupDB_Production,Maintenance,Succeeded,32,0,Job completed successfully
2026-08-03,22:33:00,2026-08-03 22:33:00.975489,2,UpdateStatistics,Maintenance,Succeeded,286,0,Job completed successfully
2026-08-03,22:50:00,2026-08-03 22:50:00.975489,4,ArchiveOldRecords,Maintenance,Succeeded,383,0,Job completed successfully
2026-08-04,00:50:00,2026-08-04 00:50:00.975489,7,CacheRefresh,Optimization,Succeeded,400,0,Job completed successfully
2026-08-04,01:38:00,2026-08-04 01:38:00.975489,6,ExportDailyMetrics,ETL,Succeeded,424,0,Job completed successfully
2026-08-04,01:45:00,2026-08-04 01:45:00.975489,3,SyncReports,ETL,Succeeded,597,0,Job completed successfully
2026-08-04,02:04:00,2026-08-04 02:04:00.975489,4,ArchiveOldRecords,Maintenance,Succeeded,371,0,Job completed successfully
2026-08-04,02:13:00,2026-08-04 02:13:00.975489,8,IndexMaintenance,Maintenance,Succeeded,528,0,Job completed successfully
2026-08-04,02:22:00,2026-08-04 02:22:00.975489,2,UpdateStatistics,Maintenance,Failed,54,2,Error: timeout or data validation failure
2026-08-04,02:34:00,2026-08-04 02:34:00.975489,1,BackupDB_Production,Maintenance,Succeeded,197,0,Job completed successfully
2026-08-04,03:01:00,2026-08-04 03:01:00.975489,5,ValidateDataIntegrity,Health,Failed,62,0,Error: timeout or data validation failure
2026-08-04,06:28:00,2026-08-04 06:28:00.975489,1,BackupDB_Production,Maintenance,Succeeded,50,0,Job completed successfully
2026-08-04,06:41:00,2026-08-04 06:41:00.975489,2,UpdateStatistics,Maintenance,Succeeded,431,0,Job completed successfully
2026-08-04,06:44:00,2026-08-04 06:44:00.975489,4,ArchiveOldRecords,Maintenance,Succeeded,203,0,Job completed successfully
2026-08-04,06:51:00,2026-08-04 06:51:00.975489,8,IndexMaintenance,Maintenance,Succeeded,471,0,Job completed successfully
2026-08-04,07:24:00,2026-08-04 07:24:00.975489,6,ExportDailyMetrics,ETL,Succeeded,119,0,Job completed successfully
2026-08-04,07:42:00,2026-08-04 07:42:00.975489,3,SyncReports,ETL,Succeeded,231,0,Job completed successfully
2026-08-04,12:27:00,2026-08-04 12:27:00.975489,7,CacheRefresh,Optimization,Failed,34,0,Error: timeout or data validation failure
2026-08-04,13:13:00,2026-08-04 13:13:00.975489,3,SyncReports,ETL,Succeeded,131,0,Job completed successfully
2026-08-04,13:16:00,2026-08-04 13:16:00.975489,6,ExportDailyMetrics,ETL,Succeeded,314,0,Job completed successfully
2026-08-04,14:00:00,2026-08-04 14:00:00.975489,1,BackupDB_Production,Maintenance,Succeeded,357,0,Job completed successfully
2026-08-04,14:14:00,2026-08-04 14:14:00.975489,2,UpdateStatistics,Maintenance,Succeeded,35,0,Job completed successfully
2026-08-04,14:31:00,2026-08-04 14:31:00.975489,8,IndexMaintenance,Maintenance,Succeeded,237,0,Job completed successfully
2026-08-04,14:43:00,2026-08-04 14:43:00.975489,4,ArchiveOldRecords,Maintenance,Succeeded,86,0,Job completed successfully
2026-08-04,15:37:00,2026-08-04 15:37:00.975489,5,ValidateDataIntegrity,Health,Succeeded,426,0,Job completed successfully
2026-08-04,19:47:00,2026-08-04 19:47:00.975489,6,ExportDailyMetrics,ETL,Succeeded,521,0,Job completed successfully
2026-08-04,19:53:00,2026-08-04 19:53:00.975489,3,SyncReports,ETL,Succeeded,272,0,Job completed successfully
2026-08-04,22:06:00,2026-08-04 22:06:00.975489,4,ArchiveOldRecords,Maintenance,Succeeded,242,0,Job completed successfully
2026-08-04,22:34:00,2026-08-04 22:34:00.975489,1,BackupDB_Production,Maintenance,Succeeded,157,0,Job completed successfully
2026-08-04,22:43:00,2026-08-04 22:43:00.975489,2,UpdateStatistics,Maintenance,Succeeded,226,0,Job completed successfully
2026-08-04,22:44:00,2026-08-04 22:44:00.975489,8,IndexMaintenance,Maintenance,Succeeded,461,0,Job completed successfully
2026-08-05,00:45:00,2026-08-05 00:45:00.975489,7,CacheRefresh,Optimization,Succeeded,227,0,Job completed successfully
2026-08-05,01:14:00,2026-08-05 01:14:00.975489,3,SyncReports,ETL,Succeeded,415,0,Job completed successfully
2026-08-05,01:36:00,2026-08-05 01:36:00.975489,6,ExportDailyMetrics,ETL,Succeeded,223,0,Job completed successfully
2026-08-05,02:20:00,2026-08-05 02:20:00.975489,4,ArchiveOldRecords,Maintenance,Succeeded,183,0,Job completed successfully
2026-08-05,02:25:00,2026-08-05 02:25:00.975489,2,UpdateStatistics,Maintenance,Succeeded,331,0,Job completed successfully
2026-08-05,02:45:00,2026-08-05 02:45:00.975489,1,BackupDB_Production,Maintenance,Succeeded,305,0,Job completed successfully
2026-08-05,02:51:00,2026-08-05 02:51:00.975489,8,IndexMaintenance,Maintenance,Succeeded,147,0,Job completed successfully
2026-08-05,03:25:00,2026-08-05 03:25:00.975489,5,ValidateDataIntegrity,Health,Succeeded,438,0,Job completed successfully
2026-08-05,06:13:00,2026-08-05 06:13:00.975489,2,UpdateStatistics,Maintenance,Succeeded,338,0,Job completed successfully
2026-08-05,06:18:00,2026-08-05 06:18:00.975489,1,BackupDB_Production,Maintenance,Succeeded,200,0,Job completed successfully
2026-08-05,06:50:00,2026-08-05 06:50:00.975489,8,IndexMaintenance,Maintenance,Succeeded,87,0,Job completed successfully
2026-08-05,06:59:00,2026-08-05 06:59:00.975489,4,ArchiveOldRecords,Maintenance,Succeeded,487,0,Job completed successfully
2026-08-05,07:10:00,2026-08-05 07:10:00.975489,6,ExportDailyMetrics,ETL,Succeeded,375,0,Job completed successfully
2026-08-05,07:30:00,2026-08-05 07:30:00.975489,3,SyncReports,ETL,Succeeded,241,0,Job completed successfully
2026-08-05,12:17:00,2026-08-05 12:17:00.975489,7,CacheRefresh,Optimization,Succeeded,579,0,Job completed successfully
2026-08-05,13:31:00,2026-08-05 13:31:00.975489,6,ExportDailyMetrics,ETL,Succeeded,328,0,Job completed successfully
2026-08-05,13:37:00,2026-08-05 13:37:00.975489,3,SyncReports,ETL,Succeeded,97,0,Job completed successfully
2026-08-05,14:14:00,2026-08-05 14:14:00.975489,1,BackupDB_Production,Maintenance,Succeeded,189,0,Job completed successfully
2026-08-05,14:31:00,2026-08-05 14:31:00.975489,8,IndexMaintenance,Maintenance,Succeeded,303,0,Job completed successfully
2026-08-05,14:38:00,2026-08-05 14:38:00.975489,4,ArchiveOldRecords,Maintenance,Succeeded,506,0,Job completed successfully
2026-08-05,14:49:00,2026-08-05 14:49:00.975489,2,UpdateStatistics,Maintenance,Succeeded,191,0,Job completed successfully
2026-08-05,15:11:00,2026-08-05 15:11:00.975489,5,ValidateDataIntegrity,Health,Succeeded,430,0,Job completed successfully
2026-08-05,19:08:00,2026-08-05 19:08:00.975489,3,SyncReports,ETL,Succeeded,450,0,Job completed successfully
2026-08-05,19:49:00,2026-08-05 19:49:00.975489,6,ExportDailyMetrics,ETL,Succeeded,223,0,Job completed successfully
2026-08-05,22:03:00,2026-08-05 22:03:00.975489,8,IndexMaintenance,Maintenance,Failed,22,1,Error: timeout or data validation failure
2026-08-05,22:04:00,2026-08-05 22:04:00.975489,2,UpdateStatistics,Maintenance,Succeeded,431,0,Job completed successfully
2026-08-05,22:34:00,2026-08-05 22:34:00.975489,1,BackupDB_Production,Maintenance,Succeeded,266,0,Job completed successfully
2026-08-05,22:53:00,2026-08-05 22:53:00.975489,4,ArchiveOldRecords,Maintenance,Succeeded,141,0,Job completed successfully
2026-08-06,00:45:00,2026-08-06 00:45:00.975489,7,CacheRefresh,Optimization,Succeeded,132,0,Job completed successfully
2026-08-06,01:05:00,2026-08-06 01:05:00.975489,3,SyncReports,ETL,Succeeded,599,0,Job completed successfully
2026-08-06,01:14:00,2026-08-06 01:14:00.975489,6,ExportDailyMetrics,ETL,Failed,14,0,Error: timeout or data validation failure
2026-08-06,02:03:00,2026-08-06 02:03:00.975489,8,IndexMaintenance,Maintenance,Succeeded,422,0,Job completed successfully
2026-08-06,02:15:00,2026-08-06 02:15:00.975489,4,ArchiveOldRecords,Maintenance,Succeeded,228,0,Job completed successfully
2026-08-06,02:43:00,2026-08-06 02:43:00.975489,1,BackupDB_Production,Maintenance,Succeeded,546,0,Job completed successfully
2026-08-06,02:47:00,2026-08-06 02:47:00.975489,2,UpdateStatistics,Maintenance,Succeeded,35,0,Job completed successfully
2026-08-06,03:16:00,2026-08-06 03:16:00.975489,5,ValidateDataIntegrity,Health,Failed,82,2,Error: timeout or data validation failure
2026-08-06,06:01:00,2026-08-06 06:01:00.975489,1,BackupDB_Production,Maintenance,Succeeded,120,0,Job completed successfully
2026-08-06,06:04:00,2026-08-06 06:04:00.975489,8,IndexMaintenance,Maintenance,Succeeded,600,0,Job completed successfully
2026-08-06,06:31:00,2026-08-06 06:31:00.975489,2,UpdateStatistics,Maintenance,Succeeded,330,0,Job completed successfully
2026-08-06,06:54:00,2026-08-06 06:54:00.975489,4,ArchiveOldRecords,Maintenance,Failed,36,2,Error: timeout or data validation failure
2026-08-06,07:05:00,2026-08-06 07:05:00.975489,3,SyncReports,ETL,Succeeded,350,0,Job completed successfully
2026-08-06,07:35:00,2026-08-06 07:35:00.975489,6,ExportDailyMetrics,ETL,Succeeded,196,0,Job completed successfully
2026-08-06,12:16:00,2026-08-06 12:16:00.975489,7,CacheRefresh,Optimization,Failed,86,0,Error: timeout or data validation failure
2026-08-06,13:12:00,2026-08-06 13:12:00.975489,6,ExportDailyMetrics,ETL,Succeeded,146,0,Job completed successfully
2026-08-06,13:21:00,2026-08-06 13:21:00.975489,3,SyncReports,ETL,Succeeded,398,0,Job completed successfully
2026-08-06,14:30:00,2026-08-06 14:30:00.975489,4,ArchiveOldRecords,Maintenance,Succeeded,330,0,Job completed successfully
2026-08-06,14:33:00,2026-08-06 14:33:00.975489,1,BackupDB_Production,Maintenance,Succeeded,169,0,Job completed successfully
2026-08-06,14:33:00,2026-08-06 14:33:00.975489,2,UpdateStatistics,Maintenance,Succeeded,208,0,Job completed successfully
2026-08-06,14:39:00,2026-08-06 14:39:00.975489,8,IndexMaintenance,Maintenance,Succeeded,117,0,Job completed successfully
2026-08-06,15:55:00,2026-08-06 15:55:00.975489,5,ValidateDataIntegrity,Health,Succeeded,496,0,Job completed successfully
2026-08-06,19:38:00,2026-08-06 19:38:00.975489,6,ExportDailyMetrics,ETL,Succeeded,101,0,Job completed successfully
2026-08-06,19:45:00,2026-08-06 19:45:00.975489,3,SyncReports,ETL,Succeeded,88,0,Job completed successfully
2026-08-06,22:02:00,2026-08-06 22:02:00.975489,2,UpdateStatistics,Maintenance,Succeeded,470,0,Job completed successfully
2026-08-06,22:04:00,2026-08-06 22:04:00.975489,4,ArchiveOldRecords,Maintenance,Succeeded,193,0,Job completed successfully
2026-08-06,22:28:00,2026-08-06 22:28:00.975489,8,IndexMaintenance,Maintenance,Succeeded,200,0,Job completed successfully
2026-08-06,22:29:00,2026-08-06 22:29:00.975489,1,BackupDB_Production,Maintenance,Succeeded,44,0,Job completed successfully
2026-08-07,00:47:00,2026-08-07 00:47:00.975489,7,CacheRefresh,Optimization,Succeeded,64,0,Job completed successfully
2026-08-07,01:28:00,2026-08-07 01:28:00.975489,3,SyncReports,ETL,Succeeded,365,0,Job completed successfully
2026-08-07,01:34:00,2026-08-07 01:34:00.975489,6,ExportDailyMetrics,ETL,Succeeded,249,0,Job completed successfully
2026-08-07,02:17:00,2026-08-07 02:17:00.975489,4,ArchiveOldRecords,Maintenance,Succeeded,213,0,Job completed successfully
2026-08-07,02:31:00,2026-08-07 02:31:00.975489,1,BackupDB_Production,Maintenance,Succeeded,409,0,Job completed successfully
2026-08-07,02:31:00,2026-08-07 02:31:00.975489,2,UpdateStatistics,Maintenance,Failed,85,2,Error: timeout or data validation failure
2026-08-07,02:37:00,2026-08-07 02:37:00.975489,8,IndexMaintenance,Maintenance,Succeeded,262,0,Job completed successfully
2026-08-07,03:27:00,2026-08-07 03:27:00.975489,5,ValidateDataIntegrity,Health,Succeeded,406,0,Job completed successfully
2026-08-07,06:01:00,2026-08-07 06:01:00.975489,4,ArchiveOldRecords,Maintenance,Succeeded,454,0,Job completed successfully
2026-08-07,06:15:00,2026-08-07 06:15:00.975489,1,BackupDB_Production,Maintenance,Succeeded,420,0,Job completed successfully
2026-08-07,06:30:00,2026-08-07 06:30:00.975489,2,UpdateStatistics,Maintenance,Succeeded,359,0,Job completed successfully
2026-08-07,06:58:00,2026-08-07 06:58:00.975489,8,IndexMaintenance,Maintenance,Failed,9,0,Error: timeout or data validation failure
2026-08-07,07:42:00,2026-08-07 07:42:00.975489,3,SyncReports,ETL,Succeeded,311,0,Job completed successfully
2026-08-07,07:55:00,2026-08-07 07:55:00.975489,6,ExportDailyMetrics,ETL,Succeeded,54,0,Job completed successfully
2026-08-07,12:59:00,2026-08-07 12:59:00.975489,7,CacheRefresh,Optimization,Succeeded,233,0,Job completed successfully
2026-08-07,13:26:00,2026-08-07 13:26:00.975489,6,ExportDailyMetrics,ETL,Succeeded,486,0,Job completed successfully
2026-08-07,13:41:00,2026-08-07 13:41:00.975489,3,SyncReports,ETL,Succeeded,462,0,Job completed successfully
2026-08-07,14:00:00,2026-08-07 14:00:00.975489,8,IndexMaintenance,Maintenance,Succeeded,139,0,Job completed successfully
2026-08-07,14:02:00,2026-08-07 14:02:00.975489,2,UpdateStatistics,Maintenance,Succeeded,301,0,Job completed successfully
2026-08-07,14:46:00,2026-08-07 14:46:00.975489,4,ArchiveOldRecords,Maintenance,Succeeded,391,0,Job completed successfully
2026-08-07,14:58:00,2026-08-07 14:58:00.975489,1,BackupDB_Production,Maintenance,Failed,23,0,Error: timeout or data validation failure
2026-08-07,15:02:00,2026-08-07 15:02:00.975489,5,ValidateDataIntegrity,Health,Succeeded,499,0,Job completed successfully
2026-08-07,19:27:00,2026-08-07 19:27:00.975489,6,ExportDailyMetrics,ETL,Succeeded,271,0,Job completed successfully
2026-08-07,19:49:00,2026-08-07 19:49:00.975489,3,SyncReports,ETL,Succeeded,576,0,Job completed successfully
2026-08-07,22:01:00,2026-08-07 22:01:00.975489,1,BackupDB_Production,Maintenance,Succeeded,543,0,Job completed successfully
2026-08-07,22:28:00,2026-08-07 22:28:00.975489,4,ArchiveOldRecords,Maintenance,Succeeded,256,0,Job completed successfully
2026-08-07,22:44:00,2026-08-07 22:44:00.975489,2,UpdateStatistics,Maintenance,Succeeded,156,0,Job completed successfully
2026-08-07,22:46:00,2026-08-07 22:46:00.975489,8,IndexMaintenance,Maintenance,Succeeded,52,0,Job completed successfully
2026-08-08,00:26:00,2026-08-08 00:26:00.975489,7,CacheRefresh,Optimization,Succeeded,536,0,Job completed successfully
2026-08-08,01:31:00,2026-08-08 01:31:00.975489,6,ExportDailyMetrics,ETL,Succeeded,475,0,Job completed successfully
2026-08-08,01:57:00,2026-08-08 01:57:00.975489,3,SyncReports,ETL,Succeeded,244,0,Job completed successfully
2026-08-08,02:06:00,2026-08-08 02:06:00.975489,8,IndexMaintenance,Maintenance,Succeeded,311,0,Job completed successfully
2026-08-08,02:11:00,2026-08-08 02:11:00.975489,1,BackupDB_Production,Maintenance,Succeeded,596,0,Job completed successfully
2026-08-08,02:19:00,2026-08-08 02:19:00.975489,4,ArchiveOldRecords,Maintenance,Succeeded,141,0,Job completed successfully
2026-08-08,02:19:00,2026-08-08 02:19:00.975489,2,UpdateStatistics,Maintenance,Succeeded,533,0,Job completed successfully
2026-08-08,03:18:00,2026-08-08 03:18:00.975489,5,ValidateDataIntegrity,Health,Succeeded,352,0,Job completed successfully
2026-08-08,06:00:00,2026-08-08 06:00:00.975489,2,UpdateStatistics,Maintenance,Succeeded,301,0,Job completed successfully
2026-08-08,06:05:00,2026-08-08 06:05:00.975489,1,BackupDB_Production,Maintenance,Failed,6,0,Error: timeout or data validation failure
2026-08-08,06:34:00,2026-08-08 06:34:00.975489,4,ArchiveOldRecords,Maintenance,Succeeded,229,0,Job completed successfully
2026-08-08,06:43:00,2026-08-08 06:43:00.975489,8,IndexMaintenance,Maintenance,Succeeded,129,0,Job completed successfully
2026-08-08,07:04:00,2026-08-08 07:04:00.975489,3,SyncReports,ETL,Failed,29,1,Error: timeout or data validation failure
2026-08-08,07:14:00,2026-08-08 07:14:00.975489,6,ExportDailyMetrics,ETL,Succeeded,543,0,Job completed successfully
2026-08-08,12:32:00,2026-08-08 12:32:00.975489,7,CacheRefresh,Optimization,Succeeded,121,0,Job completed successfully
2026-08-08,13:01:00,2026-08-08 13:01:00.975489,6,ExportDailyMetrics,ETL,Failed,46,2,Error: timeout or data validation failure
2026-08-08,13:13:00,2026-08-08 13:13:00.975489,3,SyncReports,ETL,Succeeded,313,0,Job completed successfully
2026-08-08,14:21:00,2026-08-08 14:21:00.975489,4,ArchiveOldRecords,Maintenance,Succeeded,561,0,Job completed successfully
2026-08-08,14:25:00,2026-08-08 14:25:00.975489,1,BackupDB_Production,Maintenance,Succeeded,453,0,Job completed successfully
2026-08-08,14:30:00,2026-08-08 14:30:00.975489,8,IndexMaintenance,Maintenance,Succeeded,458,0,Job completed successfully
2026-08-08,14:40:00,2026-08-08 14:40:00.975489,2,UpdateStatistics,Maintenance,Failed,42,0,Error: timeout or data validation failure
2026-08-08,15:54:00,2026-08-08 15:54:00.975489,5,ValidateDataIntegrity,Health,Succeeded,141,0,Job completed successfully
2026-08-08,19:35:00,2026-08-08 19:35:00.975489,6,ExportDailyMetrics,ETL,Succeeded,524,0,Job completed successfully
2026-08-08,19:38:00,2026-08-08 19:38:00.975489,3,SyncReports,ETL,Succeeded,51,0,Job completed successfully
2026-08-08,22:00:00,2026-08-08 22:00:00.975489,8,IndexMaintenance,Maintenance,Succeeded,287,0,Job completed successfully
2026-08-08,22:23:00,2026-08-08 22:23:00.975489,2,UpdateStatistics,Maintenance,Succeeded,327,0,Job completed successfully
2026-08-08,22:25:00,2026-08-08 22:25:00.975489,4,ArchiveOldRecords,Maintenance,Succeeded,394,0,Job completed successfully
2026-08-08,22:36:00,2026-08-08 22:36:00.975489,1,BackupDB_Production,Maintenance,Succeeded,380,0,Job completed successfully
2026-08-09,00:12:00,2026-08-09 00:12:00.975489,7,CacheRefresh,Optimization,Succeeded,323,0,Job completed successfully
2026-08-09,01:15:00,2026-08-09 01:15:00.975489,3,SyncReports,ETL,Succeeded,568,0,Job completed successfully
2026-08-09,01:31:00,2026-08-09 01:31:00.975489,6,ExportDailyMetrics,ETL,Succeeded,316,0,Job completed successfully
2026-08-09,02:05:00,2026-08-09 02:05:00.975489,8,IndexMaintenance,Maintenance,Succeeded,286,0,Job completed successfully
2026-08-09,02:09:00,2026-08-09 02:09:00.975489,1,BackupDB_Production,Maintenance,Succeeded,77,0,Job completed successfully
2026-08-09,02:17:00,2026-08-09 02:17:00.975489,4,ArchiveOldRecords,Maintenance,Succeeded,241,0,Job completed successfully
2026-08-09,02:19:00,2026-08-09 02:19:00.975489,2,UpdateStatistics,Maintenance,Succeeded,104,0,Job completed successfully
2026-08-09,03:48:00,2026-08-09 03:48:00.975489,5,ValidateDataIntegrity,Health,Succeeded,52,0,Job completed successfully
2026-08-09,06:07:00,2026-08-09 06:07:00.975489,4,ArchiveOldRecords,Maintenance,Succeeded,343,0,Job completed successfully
2026-08-09,06:44:00,2026-08-09 06:44:00.975489,1,BackupDB_Production,Maintenance,Succeeded,382,0,Job completed successfully
2026-08-09,06:44:00,2026-08-09 06:44:00.975489,2,UpdateStatistics,Maintenance,Succeeded,226,0,Job completed successfully
2026-08-09,06:47:00,2026-08-09 06:47:00.975489,8,IndexMaintenance,Maintenance,Succeeded,340,0,Job completed successfully
2026-08-09,07:01:00,2026-08-09 07:01:00.975489,6,ExportDailyMetrics,ETL,Failed,110,0,Error: timeout or data validation failure
2026-08-09,07:09:00,2026-08-09 07:09:00.975489,3,SyncReports,ETL,Succeeded,32,0,Job completed successfully
2026-08-09,12:11:00,2026-08-09 12:11:00.975489,7,CacheRefresh,Optimization,Succeeded,247,0,Job completed successfully
2026-08-09,13:23:00,2026-08-09 13:23:00.975489,6,ExportDailyMetrics,ETL,Succeeded,175,0,Job completed successfully
2026-08-09,13:58:00,2026-08-09 13:58:00.975489,3,SyncReports,ETL,Succeeded,109,0,Job completed successfully
2026-08-09,14:07:00,2026-08-09 14:07:00.975489,4,ArchiveOldRecords,Maintenance,Succeeded,54,0,Job completed successfully
2026-08-09,14:20:00,2026-08-09 14:20:00.975489,2,UpdateStatistics,Maintenance,Succeeded,532,0,Job completed successfully
2026-08-09,14:24:00,2026-08-09 14:24:00.975489,1,BackupDB_Production,Maintenance,Failed,111,1,Error: timeout or data validation failure
2026-08-09,14:49:00,2026-08-09 14:49:00.975489,8,IndexMaintenance,Maintenance,Succeeded,556,0,Job completed successfully
2026-08-09,15:00:00,2026-08-09 15:00:00.975489,5,ValidateDataIntegrity,Health,Succeeded,470,0,Job completed successfully
2026-08-09,19:32:00,2026-08-09 19:32:00.975489,3,SyncReports,ETL,Succeeded,255,0,Job completed successfully
2026-08-09,19:56:00,2026-08-09 19:56:00.975489,6,ExportDailyMetrics,ETL,Succeeded,382,0,Job completed successfully
2026-08-09,22:02:00,2026-08-09 22:02:00.975489,1,BackupDB_Production,Maintenance,Succeeded,105,0,Job completed successfully
2026-08-09,22:27:00,2026-08-09 22:27:00.975489,4,ArchiveOldRecords,Maintenance,Succeeded,43,0,Job completed successfully
2026-08-09,22:45:00,2026-08-09 22:45:00.975489,2,UpdateStatistics,Maintenance,Succeeded,577,0,Job completed successfully
2026-08-09,22:49:00,2026-08-09 22:49:00.975489,8,IndexMaintenance,Maintenance,Succeeded,287,0,Job completed successfully
2026-08-10,00:35:00,2026-08-10 00:35:00.975489,7,CacheRefresh,Optimization,Succeeded,111,0,Job completed successfully
2026-08-10,01:34:00,2026-08-10 01:34:00.975489,6,ExportDailyMetrics,ETL,Failed,81,1,Error: timeout or data validation failure
2026-08-10,01:45:00,2026-08-10 01:45:00.975489,3,SyncReports,ETL,Succeeded,215,0,Job completed successfully
2026-08-10,02:01:00,2026-08-10 02:01:00.975489,4,ArchiveOldRecords,Maintenance,Succeeded,416,0,Job completed successfully
2026-08-10,02:04:00,2026-08-10 02:04:00.975489,2,UpdateStatistics,Maintenance,Succeeded,445,0,Job completed successfully
2026-08-10,02:35:00,2026-08-10 02:35:00.975489,8,IndexMaintenance,Maintenance,Succeeded,32,0,Job completed successfully
2026-08-10,02:53:00,2026-08-10 02:53:00.975489,1,BackupDB_Production,Maintenance,Succeeded,495,0,Job completed successfully
2026-08-10,03:26:00,2026-08-10 03:26:00.975489,5,ValidateDataIntegrity,Health,Succeeded,125,0,Job completed successfully
2026-08-10,06:15:00,2026-08-10 06:15:00.975489,8,IndexMaintenance,Maintenance,Succeeded,316,0,Job completed successfully
2026-08-10,06:26:00,2026-08-10 06:26:00.975489,2,UpdateStatistics,Maintenance,Succeeded,33,0,Job completed successfully
2026-08-10,06:29:00,2026-08-10 06:29:00.975489,1,BackupDB_Production,Maintenance,Succeeded,440,0,Job completed successfully
2026-08-10,06:35:00,2026-08-10 06:35:00.975489,4,ArchiveOldRecords,Maintenance,Succeeded,386,0,Job completed successfully
2026-08-10,07:45:00,2026-08-10 07:45:00.975489,6,ExportDailyMetrics,ETL,Succeeded,437,0,Job completed successfully
2026-08-10,07:54:00,2026-08-10 07:54:00.975489,3,SyncReports,ETL,Succeeded,430,0,Job completed successfully
2026-08-10,12:07:00,2026-08-10 12:07:00.975489,7,CacheRefresh,Optimization,Succeeded,338,0,Job completed successfully
2026-08-10,13:46:00,2026-08-10 13:46:00.975489,6,ExportDailyMetrics,ETL,Succeeded,103,0,Job completed successfully
2026-08-10,13:51:00,2026-08-10 13:51:00.975489,3,SyncReports,ETL,Succeeded,278,0,Job completed successfully
2026-08-10,14:03:00,2026-08-10 14:03:00.975489,2,UpdateStatistics,Maintenance,Failed,79,0,Error: timeout or data validation failure
2026-08-10,14:16:00,2026-08-10 14:16:00.975489,1,BackupDB_Production,Maintenance,Succeeded,434,0,Job completed successfully
2026-08-10,14:34:00,2026-08-10 14:34:00.975489,8,IndexMaintenance,Maintenance,Succeeded,78,0,Job completed successfully
2026-08-10,14:54:00,2026-08-10 14:54:00.975489,4,ArchiveOldRecords,Maintenance,Succeeded,585,0,Job completed successfully
2026-08-10,15:22:00,2026-08-10 15:22:00.975489,5,ValidateDataIntegrity,Health,Succeeded,600,0,Job completed successfully
2026-08-10,19:13:00,2026-08-10 19:13:00.975489,3,SyncReports,ETL,Succeeded,499,0,Job completed successfully
2026-08-10,19:50:00,2026-08-10 19:50:00.975489,6,ExportDailyMetrics,ETL,Succeeded,360,0,Job completed successfully
2026-08-10,22:09:00,2026-08-10 22:09:00.975489,1,BackupDB_Production,Maintenance,Succeeded,383,0,Job completed successfully
2026-08-10,22:29:00,2026-08-10 22:29:00.975489,4,ArchiveOldRecords,Maintenance,Succeeded,398,0,Job completed successfully
2026-08-10,22:44:00,2026-08-10 22:44:00.975489,2,UpdateStatistics,Maintenance,Succeeded,503,0,Job completed successfully
2026-08-10,22:53:00,2026-08-10 22:53:00.975489,8,IndexMaintenance,Maintenance,Succeeded,558,0,Job completed successfully
2026-08-11,00:00:00,2026-08-11 00:00:00.975489,7,CacheRefresh,Optimization,Succeeded,410,0,Job completed successfully
2026-08-11,01:00:00,2026-08-11 01:00:00.975489,3,SyncReports,ETL,Succeeded,561,0,Job completed successfully
2026-08-11,01:38:00,2026-08-11 01:38:00.975489,6,ExportDailyMetrics,ETL,Succeeded,142,0,Job completed successfully
2026-08-11,02:17:00,2026-08-11 02:17:00.975489,8,IndexMaintenance,Maintenance,Failed,66,0,Error: timeout or data validation failure
2026-08-11,02:25:00,2026-08-11 02:25:00.975489,2,UpdateStatistics,Maintenance,Failed,83,2,Error: timeout or data validation failure
2026-08-11,02:33:00,2026-08-11 02:33:00.975489,4,ArchiveOldRecords,Maintenance,Succeeded,199,0,Job completed successfully
2026-08-11,02:52:00,2026-08-11 02:52:00.975489,1,BackupDB_Production,Maintenance,Failed,113,1,Error: timeout or data validation failure
2026-08-11,03:03:00,2026-08-11 03:03:00.975489,5,ValidateDataIntegrity,Health,Succeeded,318,0,Job completed successfully
2026-08-11,06:11:00,2026-08-11 06:11:00.975489,4,ArchiveOldRecords,Maintenance,Succeeded,350,0,Job completed successfully
2026-08-11,06:30:00,2026-08-11 06:30:00.975489,1,BackupDB_Production,Maintenance,Succeeded,435,0,Job completed successfully
2026-08-11,06:45:00,2026-08-11 06:45:00.975489,8,IndexMaintenance,Maintenance,Succeeded,226,0,Job completed successfully
2026-08-11,06:46:00,2026-08-11 06:46:00.975489,2,UpdateStatistics,Maintenance,Succeeded,475,0,Job completed successfully
2026-08-11,07:21:00,2026-08-11 07:21:00.975489,6,ExportDailyMetrics,ETL,Succeeded,125,0,Job completed successfully
2026-08-11,07:38:00,2026-08-11 07:38:00.975489,3,SyncReports,ETL,Succeeded,388,0,Job completed successfully
2026-08-11,12:04:00,2026-08-11 12:04:00.975489,7,CacheRefresh,Optimization,Succeeded,180,0,Job completed successfully
2026-08-11,13:23:00,2026-08-11 13:23:00.975489,6,ExportDailyMetrics,ETL,Succeeded,148,0,Job completed successfully
2026-08-11,13:52:00,2026-08-11 13:52:00.975489,3,SyncReports,ETL,Succeeded,345,0,Job completed successfully
2026-08-11,14:15:00,2026-08-11 14:15:00.975489,4,ArchiveOldRecords,Maintenance,Succeeded,212,0,Job completed successfully
2026-08-11,14:26:00,2026-08-11 14:26:00.975489,1,BackupDB_Production,Maintenance,Succeeded,512,0,Job completed successfully
2026-08-11,14:31:00,2026-08-11 14:31:00.975489,8,IndexMaintenance,Maintenance,Succeeded,277,0,Job completed successfully
2026-08-11,14:49:00,2026-08-11 14:49:00.975489,2,UpdateStatistics,Maintenance,Succeeded,406,0,Job completed successfully
2026-08-11,15:35:00,2026-08-11 15:35:00.975489,5,ValidateDataIntegrity,Health,Succeeded,431,0,Job completed successfully
2026-08-11,19:00:00,2026-08-11 19:00:00.975489,3,SyncReports,ETL,Succeeded,320,0,Job completed successfully
2026-08-11,19:48:00,2026-08-11 19:48:00.975489,6,ExportDailyMetrics,ETL,Succeeded,152,0,Job completed successfully
2026-08-11,22:17:00,2026-08-11 22:17:00.975489,2,UpdateStatistics,Maintenance,Succeeded,227,0,Job completed successfully
2026-08-11,22:20:00,2026-08-11 22:20:00.975489,1,BackupDB_Production,Maintenance,Succeeded,244,0,Job completed successfully
2026-08-11,22:41:00,2026-08-11 22:41:00.975489,8,IndexMaintenance,Maintenance,Succeeded,562,0,Job completed successfully
2026-08-11,22:44:00,2026-08-11 22:44:00.975489,4,ArchiveOldRecords,Maintenance,Succeeded,392,0,Job completed successfully
2026-08-12,00:18:00,2026-08-12 00:18:00.975489,7,CacheRefresh,Optimization,Succeeded,260,0,Job completed successfully
2026-08-12,01:16:00,2026-08-12 01:16:00.975489,6,ExportDailyMetrics,ETL,Succeeded,120,0,Job completed successfully
2026-08-12,01:36:00,2026-08-12 01:36:00.975489,3,SyncReports,ETL,Succeeded,567,0,Job completed successfully
2026-08-12,02:05:00,2026-08-12 02:05:00.975489,1,BackupDB_Production,Maintenance,Succeeded,440,0,Job completed successfully
2026-08-12,02:25:00,2026-08-12 02:25:00.975489,2,UpdateStatistics,Maintenance,Succeeded,112,0,Job completed successfully
2026-08-12,02:27:00,2026-08-12 02:27:00.975489,8,IndexMaintenance,Maintenance,Succeeded,481,0,Job completed successfully
2026-08-12,02:59:00,2026-08-12 02:59:00.975489,4,ArchiveOldRecords,Maintenance,Succeeded,123,0,Job completed successfully
2026-08-12,03:54:00,2026-08-12 03:54:00.975489,5,ValidateDataIntegrity,Health,Succeeded,176,0,Job completed successfully
2026-08-12,06:06:00,2026-08-12 06:06:00.975489,1,BackupDB_Production,Maintenance,Succeeded,226,0,Job completed successfully
2026-08-12,06:27:00,2026-08-12 06:27:00.975489,2,UpdateStatistics,Maintenance,Succeeded,303,0,Job completed successfully
2026-08-12,06:27:00,2026-08-12 06:27:00.975489,4,ArchiveOldRecords,Maintenance,Succeeded,545,0,Job completed successfully
2026-08-12,06:41:00,2026-08-12 06:41:00.975489,8,IndexMaintenance,Maintenance,Succeeded,208,0,Job completed successfully
2026-08-12,07:09:00,2026-08-12 07:09:00.975489,6,ExportDailyMetrics,ETL,Succeeded,585,0,Job completed successfully
2026-08-12,07:55:00,2026-08-12 07:55:00.975489,3,SyncReports,ETL,Succeeded,117,0,Job completed successfully
2026-08-12,12:18:00,2026-08-12 12:18:00.975489,7,CacheRefresh,Optimization,Succeeded,84,0,Job completed successfully
2026-08-12,13:25:00,2026-08-12 13:25:00.975489,6,ExportDailyMetrics,ETL,Succeeded,77,0,Job completed successfully
2026-08-12,13:44:00,2026-08-12 13:44:00.975489,3,SyncReports,ETL,Succeeded,512,0,Job completed successfully
2026-08-12,14:02:00,2026-08-12 14:02:00.975489,1,BackupDB_Production,Maintenance,Succeeded,171,0,Job completed successfully
2026-08-12,14:05:00,2026-08-12 14:05:00.975489,2,UpdateStatistics,Maintenance,Succeeded,335,0,Job completed successfully
2026-08-12,14:10:00,2026-08-12 14:10:00.975489,8,IndexMaintenance,Maintenance,Succeeded,65,0,Job completed successfully
2026-08-12,14:29:00,2026-08-12 14:29:00.975489,4,ArchiveOldRecords,Maintenance,Succeeded,71,0,Job completed successfully
2026-08-12,15:52:00,2026-08-12 15:52:00.975489,5,ValidateDataIntegrity,Health,Succeeded,127,0,Job completed successfully
2026-08-12,19:22:00,2026-08-12 19:22:00.975489,6,ExportDailyMetrics,ETL,Succeeded,282,0,Job completed successfully
2026-08-12,19:32:00,2026-08-12 19:32:00.975489,3,SyncReports,ETL,Succeeded,256,0,Job completed successfully
2026-08-12,22:18:00,2026-08-12 22:18:00.975489,1,BackupDB_Production,Maintenance,Succeeded,37,0,Job completed successfully
2026-08-12,22:19:00,2026-08-12 22:19:00.975489,2,UpdateStatistics,Maintenance,Succeeded,265,0,Job completed successfully
2026-08-12,22:21:00,2026-08-12 22:21:00.975489,8,IndexMaintenance,Maintenance,Succeeded,91,0,Job completed successfully
2026-08-12,22:22:00,2026-08-12 22:22:00.975489,4,ArchiveOldRecords,Maintenance,Succeeded,133,0,Job completed successfully
